Workbook

Sheet Combatant Information
B2: Round | C2: Combatants | D2: Degree | E2: Rank | F2: Path | G2: Current Stamina | H2: Stance | I2: Energy Segments
B3: =Input!B18 -> 1 | C3: =Input!A3 -> Will | D3: =Input!B3 -> 1st | E3: =Input!C3 -> Stone | F3: =Input!D3 -> Air | G3: =Math!C13 -> 25 | H3: ='Combatant info data'!AM9 | I3: ='Combatant info data'!AN9 -> 0 | J3: ='Combatant info data'!AO9 -> 0 | K3: ='Combatant info data'!AP9 -> 0 | L3: ='Combatant info data'!AQ9 -> 0 | M3: ='Combatant info data'!AR9 -> 0 | N3: ='Combatant info data'!AS9 -> 0 | O3: ='Combatant info data'!AT3 -> 1
C4: =Input!A4 -> Carter | F4: =Input!D4 -> Earth | G4: =Math!C14 -> 25 | H4: ='Combatant info data'!AM10 | I4: ='Combatant info data'!AN10 -> 0 | J4: ='Combatant info data'!AO10 -> 0 | K4: ='Combatant info data'!AP10 -> 0 | L4: ='Combatant info data'!AQ10 -> 0 | M4: ='Combatant info data'!AR10 -> 0 | N4: ='Combatant info data'!AS10 -> 0 | O4: ='Combatant info data'!AT4 -> 1
C5: =Input!A5 -> Joe | F5: =Input!D5 -> Shadow | G5: =Math!C15 -> 25 | H5: ='Combatant info data'!AM11 | I5: ='Combatant info data'!AN11 -> 0 | J5: ='Combatant info data'!AO11 -> 0 | K5: ='Combatant info data'!AP11 -> 0 | L5: ='Combatant info data'!AQ11 -> 0 | M5: ='Combatant info data'!AR11 -> 0 | N5: ='Combatant info data'!AS11 -> 0 | O5: ='Combatant info data'!AT5 -> 1
C6: =Input!A6 -> Jake | D6: =Input!B6 -> 1st | E6: =Input!C6 -> Stone | F6: =Input!D6 -> Earth | G6: ='Combatant info data'!AM3 -> 1 | H6: ='Combatant info data'!AM12 | I6: ='Combatant info data'!AN12 -> 0 | J6: ='Combatant info data'!AO12 -> 0 | K6: ='Combatant info data'!AP12 -> 0 | L6: ='Combatant info data'!AQ12 -> 0 | M6: ='Combatant info data'!AR12 -> 0 | N6: ='Combatant info data'!AS12 -> 0
C7: =Input!A7 -> Jim | F7: =Input!D7 -> Earth | G7: ='Combatant info data'!AM4 -> 1 | H7: ='Combatant info data'!AM13 | I7: ='Combatant info data'!AN13 -> 0 | J7: ='Combatant info data'!AO13 -> 0 | K7: ='Combatant info data'!AP13 -> 0 | L7: ='Combatant info data'!AQ13 -> 0 | M7: ='Combatant info data'!AR13 -> 0 | N7: ='Combatant info data'!AS13 -> 0
C8: =Input!A8 -> Jordan | F8: =Input!D8 -> Earth | G8: ='Combatant info data'!AM5 -> 1 | H8: ='Combatant info data'!AM14 | I8: ='Combatant info data'!AN14 -> 0 | J8: ='Combatant info data'!AO14 -> 0 | K8: ='Combatant info data'!AP14 -> 0 | L8: ='Combatant info data'!AQ14 -> 0 | M8: ='Combatant info data'!AR14 -> 0 | N8: ='Combatant info data'!AS14 -> 0
B10: Actions - Round Prep Phase
B11: Attack | C11: Attacks a target
B12: Defend | C12: Choose an ally to defend for the round, has to be an ally not defending or being defended
B13: Evade | C13: Attempts to carefully move around the opponents to recover stamina
B14: Special | C14: Fueled by energy, mostly based off the chosen path
B16: Reactions - Round Execution Phase
B17: Block | C17: Mitigate damage based on proficiency
B18: Dodge | C18: Attempt to avoid incoming attack, failure mitigates some damage
B19: Parry | C19: Attempts to negate an incoming attack and respond with a counter attack, failure mitigates no damage
B21: Combat Rolls
B22: Speed | C22: Determines action speed
B23: Rank | C23: Chance to instant KO opponent. Triggered when you are at least one rank above an opponent
B24: Blindside | C24: If the action speed is at least twice as fast as the target’s base speed, there is a chance that the action can’t be defended
B25: Defense | C25: Used to check for success in defense reaction
B26: Crushing Blow | C26: Chance to overpower the target and make future blocking less effective
B28: Paths
B29: Path | C29: =Paths!L1 -> Style Focus | D29: =Paths!M1 -> Energy Focus | E29: Focus Statement
B30: Fire | C30: =Paths!L2 -> Reaction | D30: =Paths!M2 -> Parry Success Rate | E30: Focuses inward, improving the chance to successfully parry an attack.
B31: Water | C31: =Paths!L3 -> Action | D31: =Paths!M3 -> Dodge Success Rate | E31: Focuses outward, reducing the chance to successfully dodge an attack.
B32: Air | C32: =Paths!L4 -> Reaction | D32: =Paths!M4 -> Dodge Success Rate | E32: Focuses inward, improving the chance to successfully dodge an attack.
B33: Earth | C33: =Paths!L5 -> Action | D33: =Paths!M5 -> Block Success Rate | E33: Focuses outward, reducing the chance to successfully block an attack.
B34: Shadow | C34: =Paths!L6 -> Action | D34: =Paths!M6 -> Parry Success Rate | E34: Focuses outward, reducing the chance to successfully parry an attack.
B35: Light | C35: =Paths!L7 -> Reaction | D35: =Paths!M7 -> Block Success Rate | E35: Focuses inward, improving the chance to successfully block an attack.

Sheet Character Sheet - P1
B2: Character Info | K2: Reaction Skills | V2: Path Information
C4: Name | E4: Degree | G4: Rank | L4: Block | W4: Air | X4: =VLOOKUP(W4,Paths!$K$2:$N$7,4,FALSE) -> Focuses inward, improving the chance to successfully dodge an attack.
C5: Will | E5: ='Combatant Information'!D3 -> 1st | G5: ='Combatant Information'!E3 -> Stone | L5: Rank | M5: XP | N5: Next Rank | O5: Success Rate | P5: Successful Damage Mitigation | R5: Unsuccessful Damage Mitigation
C6: Team Name | E6: =Input!I11 -> The Barrels | L6: =IF(M6>='Reaction Progression & Log'!$B$12,'Reaction Progression & Log'!$A$12,IF(M6>='Reaction Progression & Log'!$B$11,'Reaction Progression & Log'!$A$11,IF(M6>='Reaction Progression & Log'!$B$10,'Reaction Progression & Log'!$A$10,IF(M6>='Reaction Progression & Log'!$B$9,'Reaction Progression & Log'!$A$9,IF(M6>='Reaction Progression & Log'!$B$8,'Reaction Progression & Log'!$A$8,IF(M6>='Reaction Progression & Log'!$B$7,'Reaction Progression & Log'!$A$7,IF(M6>='Reaction Progression & Log'!$B$6,'Reaction Progression & Log'!$A$6,IF(M6>='Reaction Progression & Log'!$B$5,'Reaction Progression & Log'!$A$5,IF(M6>='Reaction Progression & Log'!$B$4,'Reaction Progression & Log'!$A$4,IF(M6>='Reaction Progression & Log'!$B$3,'Reaction Progression & Log'!$A$3,'Reaction Progression & Log'!$A$2)))))))))) -> 1 | M6: =SUMIF('Reaction Progression & Log'!$D:$D,$C$5,'Reaction Progression & Log'!$E:$E) -> 6 | N6: =IF(L6=11,"--",VLOOKUP(L6+1,'Reaction Progression & Log'!$A$2:$B$12,2,FALSE)) -> 100 | O6: =VLOOKUP($L6,'Defense Simulations'!$C$3:$W$13,3,FALSE) -> 0.4 | P6: =VLOOKUP($L6,'Defense Simulations'!$C$3:$W$13,4,FALSE) -> 0.55 | R6: =VLOOKUP($L6,'Defense Simulations'!$C$3:$W$13,5,FALSE) -> 0.4 | X6: Fire | Y6: Water | Z6: Air | AA6: Earth | AB6: Shadow | AC6: Light
L7: Current | O7: =Math!J13 -> 0.4 | P7: =Math!L13 -> 0.55 | R7: =Math!N13 -> 0.4
W8: Attunement
B9: Core Training Attributes | L9: Dodge | W9: Selection | X9: FALSE | Y9: FALSE | Z9: TRUE | AA9: FALSE | AB9: FALSE | AC9: FALSE
L10: Rank | M10: XP | N10: Next Rank | O10: Success Rate | P10: Successful Damage Mitigation | R10: Unsuccessful Damage Mitigation | X10: =IF(X9=TRUE,X6,"") | Y10: =IF(Y9=TRUE,Y6,"") | Z10: =IF(Z9=TRUE,Z6,"") -> Air | AA10: =IF(AA9=TRUE,AA6,"") | AB10: =IF(AB9=TRUE,AB6,"") | AC10: =IF(AC9=TRUE,AC6,"")
D11: Available CT Points | F11: Stamina | G11: Power | H11: Speed | L11: =IF(M11>='Reaction Progression & Log'!$B$12,'Reaction Progression & Log'!$A$12,IF(M11>='Reaction Progression & Log'!$B$11,'Reaction Progression & Log'!$A$11,IF(M11>='Reaction Progression & Log'!$B$10,'Reaction Progression & Log'!$A$10,IF(M11>='Reaction Progression & Log'!$B$9,'Reaction Progression & Log'!$A$9,IF(M11>='Reaction Progression & Log'!$B$8,'Reaction Progression & Log'!$A$8,IF(M11>='Reaction Progression & Log'!$B$7,'Reaction Progression & Log'!$A$7,IF(M11>='Reaction Progression & Log'!$B$6,'Reaction Progression & Log'!$A$6,IF(M11>='Reaction Progression & Log'!$B$5,'Reaction Progression & Log'!$A$5,IF(M11>='Reaction Progression & Log'!$B$4,'Reaction Progression & Log'!$A$4,IF(M11>='Reaction Progression & Log'!$B$3,'Reaction Progression & Log'!$A$3,'Reaction Progression & Log'!$A$2)))))))))) -> 1 | M11: =SUMIF('Reaction Progression & Log'!$D:$D,$C$5,'Reaction Progression & Log'!$F:$F) -> 8 | N11: =IF(L11=11,"--",VLOOKUP(L11+1,'Reaction Progression & Log'!$A$2:$B$12,2,FALSE)) -> 100 | O11: =VLOOKUP($L11,'Defense Simulations'!$C$3:$W$13,11,FALSE) -> 0.3 | P11: =VLOOKUP($L11,'Defense Simulations'!$C$3:$W$13,12,FALSE) -> 0.8 | R11: =VLOOKUP($L11,'Defense Simulations'!$C$3:$W$13,13,FALSE) -> 0.1 | W11: Progression
C12: Baseline | D12: =VLOOKUP(CONCATENATE(E5," Degree ",G5),'Rank Progression'!C:G,3,FALSE)-(F13+G13+H13) -> 0 | F12: 5 | G12: 5 | H12: 5 | L12: Current | O12: =Math!P13 -> 0.3 | P12: =Math!R13 -> 0.8 | R12: =Math!T13 -> 0.1 | W12: Energy Accumulation | X12: =CONCATENATE(Paths!AE3," / ",VLOOKUP(X13+1,Paths!$P$2:$S$6,2,FALSE)) -> 0 / 35 | Y12: =CONCATENATE(Paths!AG3," / ",VLOOKUP(Y13+1,Paths!$P$2:$S$6,2,FALSE)) -> 0 / 35 | Z12: =CONCATENATE(Paths!AI3," / ",VLOOKUP(Z13+1,Paths!$P$2:$S$6,2,FALSE)) -> 9.5 / 35 | AA12: =CONCATENATE(Paths!AK3," / ",VLOOKUP(AA13+1,Paths!$P$2:$S$6,2,FALSE)) -> 1.25 / 35 | AB12: =CONCATENATE(Paths!AM3," / ",VLOOKUP(AB13+1,Paths!$P$2:$S$6,2,FALSE)) -> 0 / 35 | AC12: =CONCATENATE(Paths!AO3," / ",VLOOKUP(AC13+1,Paths!$P$2:$S$6,2,FALSE)) -> 0 / 35
C13: CT Points | W13: Ascension Gems | X13: =Paths!AF3 -> 0 | Y13: =Paths!AH3 -> 0 | Z13: =Paths!AJ3 -> 0 | AA13: =Paths!AL3 -> 0 | AB13: =Paths!AN3 -> 0 | AC13: =Paths!AP3 -> 0
C14: Current | F14: =F12+F13 -> 5 | G14: =G12+G13 -> 5 | H14: =H12+H13 -> 5 | L14: Parry
L15: Rank | M15: XP | N15: Next Rank | O15: Success Rate | P15: Successful Damage Mitigation | R15: Unsuccessful Damage Mitigation | W15: Style
L16: =IF(M16>='Reaction Progression & Log'!$B$12,'Reaction Progression & Log'!$A$12,IF(M16>='Reaction Progression & Log'!$B$11,'Reaction Progression & Log'!$A$11,IF(M16>='Reaction Progression & Log'!$B$10,'Reaction Progression & Log'!$A$10,IF(M16>='Reaction Progression & Log'!$B$9,'Reaction Progression & Log'!$A$9,IF(M16>='Reaction Progression & Log'!$B$8,'Reaction Progression & Log'!$A$8,IF(M16>='Reaction Progression & Log'!$B$7,'Reaction Progression & Log'!$A$7,IF(M16>='Reaction Progression & Log'!$B$6,'Reaction Progression & Log'!$A$6,IF(M16>='Reaction Progression & Log'!$B$5,'Reaction Progression & Log'!$A$5,IF(M16>='Reaction Progression & Log'!$B$4,'Reaction Progression & Log'!$A$4,IF(M16>='Reaction Progression & Log'!$B$3,'Reaction Progression & Log'!$A$3,'Reaction Progression & Log'!$A$2)))))))))) -> 1 | M16: =SUMIF('Reaction Progression & Log'!$D:$D,$C$5,'Reaction Progression & Log'!$G:$G) -> 10 | N16: =IF(L16=11,"--",VLOOKUP(L16+1,'Reaction Progression & Log'!$A$2:$B$12,2,FALSE)) -> 100 | O16: =VLOOKUP($L16,'Defense Simulations'!$C$3:$W$13,19,FALSE) -> 0.1 | P16: =VLOOKUP($L16,'Defense Simulations'!$C$3:$W$13,20,FALSE) -> 0.9 | R16: =VLOOKUP($L16,'Defense Simulations'!$C$3:$W$13,21,FALSE) -> 0 | W16: Style Focus | X16: Reaction | Y16: Action | Z16: Reaction | AA16: Action | AB16: Action | AC16: Reaction
B17: Personality | L17: Current | O17: =Math!V13 -> 0.1 | P17: =Math!X13 -> 0.9 | R17: =Math!Z13 -> 0 | W17: Energy Focus | X17: Parry S.R. | Y17: Dodge S.R. | Z17: Dodge S.R. | AA17: Block S.R. | AB17: Parry S.R. | AC17: Block S.R.
C19: =Personality!B3 -> Patience | D19: =Personality!C3 -> Empathy | E19: =Personality!D3 -> Cunning | F19: =Personality!E3 -> Logic | G19: =Personality!F3 -> Kindness | H19: =Personality!G3 -> Charisma | W19: Segment Bonuses
C20: =Personality!B4 -> 0.15 | D20: =Personality!C4 -> 0.15 | E20: =Personality!D4 -> 0.19 | F20: =Personality!E4 -> 0.16 | G20: =Personality!F4 -> 0.16 | H20: =Personality!G4 -> 0.19 | K20: Buffs / Debuffs | W20: 1st Segment Bonus | X20: =VLOOKUP(CONCATENATE(X$6," - ",X$13),Paths!$C$2:$I$28,2,FALSE) -> 0.04 | Y20: =VLOOKUP(CONCATENATE(Y6," - ",Y13),Paths!$C$2:$I$28,2,FALSE) -> -0.06 | Z20: =VLOOKUP(CONCATENATE(Z6," - ",Z13),Paths!$C$2:$I$28,2,FALSE) -> 0.06 | AA20: =VLOOKUP(CONCATENATE(AA6," - ",AA13),Paths!$C$2:$I$28,2,FALSE) -> -0.08 | AB20: =VLOOKUP(CONCATENATE(AB6," - ",AB13),Paths!$C$2:$I$28,2,FALSE) -> -0.04 | AC20: =VLOOKUP(CONCATENATE(AC6," - ",AC13),Paths!$C$2:$I$28,2,FALSE) -> 0.08
W21: 2nd Segment Bonus | X21: =VLOOKUP(CONCATENATE(X$6," - ",X$13),Paths!$C$2:$I$28,3,FALSE) -> 0.05 | Y21: =VLOOKUP(CONCATENATE(Y$6," - ",Y$13),Paths!$C$2:$I$28,3,FALSE) -> -0.07 | Z21: =VLOOKUP(CONCATENATE(Z$6," - ",Z$13),Paths!$C$2:$I$28,3,FALSE) -> 0.07 | AA21: =VLOOKUP(CONCATENATE(AA$6," - ",AA$13),Paths!$C$2:$I$28,3,FALSE) -> -0.09 | AB21: =VLOOKUP(CONCATENATE(AB$6," - ",AB$13),Paths!$C$2:$I$28,3,FALSE) -> -0.05 | AC21: =VLOOKUP(CONCATENATE(AC$6," - ",AC$13),Paths!$C$2:$I$28,3,FALSE) -> 0.09
L22: Source | N22: Type | Q22: Round Start | R22: Round End | S22: Change | W22: 3rd Segment Bonus | X22: =VLOOKUP(CONCATENATE(X$6," - ",X$13),Paths!$C$2:$I$28,4,FALSE) -> 0.06 | Y22: =VLOOKUP(CONCATENATE(Y$6," - ",Y$13),Paths!$C$2:$I$28,4,FALSE) -> -0.08 | Z22: =VLOOKUP(CONCATENATE(Z$6," - ",Z$13),Paths!$C$2:$I$28,4,FALSE) -> 0.08 | AA22: =VLOOKUP(CONCATENATE(AA$6," - ",AA$13),Paths!$C$2:$I$28,4,FALSE) -> -0.1 | AB22: =VLOOKUP(CONCATENATE(AB$6," - ",AB$13),Paths!$C$2:$I$28,4,FALSE) -> -0.06 | AC22: =VLOOKUP(CONCATENATE(AC$6," - ",AC$13),Paths!$C$2:$I$28,4,FALSE) -> 0.1
L23: ='Combatant info data'!L6 | N23: ='Combatant info data'!M6 | Q23: ='Combatant info data'!N6 | R23: ='Combatant info data'!O6 | S23: ='Combatant info data'!P6 | W23: 4th Segment Bonus | X23: =VLOOKUP(CONCATENATE(X$6," - ",X$13),Paths!$C$2:$I$28,5,FALSE) -> 0.07 | Y23: =VLOOKUP(CONCATENATE(Y$6," - ",Y$13),Paths!$C$2:$I$28,5,FALSE) -> -0.09 | Z23: =VLOOKUP(CONCATENATE(Z$6," - ",Z$13),Paths!$C$2:$I$28,5,FALSE) -> 0.09 | AA23: =VLOOKUP(CONCATENATE(AA$6," - ",AA$13),Paths!$C$2:$I$28,5,FALSE) -> -0.11 | AB23: =VLOOKUP(CONCATENATE(AB$6," - ",AB$13),Paths!$C$2:$I$28,5,FALSE) -> -0.07 | AC23: =VLOOKUP(CONCATENATE(AC$6," - ",AC$13),Paths!$C$2:$I$28,5,FALSE) -> 0.11
L24: ='Combatant info data'!L7 | N24: ='Combatant info data'!M7 | Q24: ='Combatant info data'!N7 | R24: ='Combatant info data'!O7 | S24: ='Combatant info data'!P7 | W24: 5th Segment Bonus | X24: =VLOOKUP(CONCATENATE(X$6," - ",X$13),Paths!$C$2:$I$28,6,FALSE) -> 0.08 | Y24: =VLOOKUP(CONCATENATE(Y$6," - ",Y$13),Paths!$C$2:$I$28,6,FALSE) -> -0.1 | Z24: =VLOOKUP(CONCATENATE(Z$6," - ",Z$13),Paths!$C$2:$I$28,6,FALSE) -> 0.1 | AA24: =VLOOKUP(CONCATENATE(AA$6," - ",AA$13),Paths!$C$2:$I$28,6,FALSE) -> -0.12 | AB24: =VLOOKUP(CONCATENATE(AB$6," - ",AB$13),Paths!$C$2:$I$28,6,FALSE) -> -0.08 | AC24: =VLOOKUP(CONCATENATE(AC$6," - ",AC$13),Paths!$C$2:$I$28,6,FALSE) -> 0.12
L25: ='Combatant info data'!L8 | N25: ='Combatant info data'!M8 | Q25: ='Combatant info data'!N8 | R25: ='Combatant info data'!O8 | S25: ='Combatant info data'!P8 | W25: 6th Segment Bonus | X25: =VLOOKUP(CONCATENATE(X$6," - ",X$13),Paths!$C$2:$I$28,7,FALSE) -> 0.09 | Y25: =VLOOKUP(CONCATENATE(Y$6," - ",Y$13),Paths!$C$2:$I$28,7,FALSE) -> -0.11 | Z25: =VLOOKUP(CONCATENATE(Z$6," - ",Z$13),Paths!$C$2:$I$28,7,FALSE) -> 0.11 | AA25: =VLOOKUP(CONCATENATE(AA$6," - ",AA$13),Paths!$C$2:$I$28,7,FALSE) -> -0.13 | AB25: =VLOOKUP(CONCATENATE(AB$6," - ",AB$13),Paths!$C$2:$I$28,7,FALSE) -> -0.09 | AC25: =VLOOKUP(CONCATENATE(AC$6," - ",AC$13),Paths!$C$2:$I$28,7,FALSE) -> 0.13
L26: ='Combatant info data'!L9 | N26: ='Combatant info data'!M9 | Q26: ='Combatant info data'!N9 | R26: ='Combatant info data'!O9 | S26: ='Combatant info data'!P9
L27: ='Combatant info data'!L10 | N27: ='Combatant info data'!M10 | Q27: ='Combatant info data'!N10 | R27: ='Combatant info data'!O10 | S27: ='Combatant info data'!P10 | W27: Other Bonuses
L28: ='Combatant info data'!L11 | N28: ='Combatant info data'!M11 | Q28: ='Combatant info data'!N11 | R28: ='Combatant info data'!O11 | S28: ='Combatant info data'!P11 | W28: Energy Accumulation Bonus | X28: =VLOOKUP(X13,Paths!$P$2:$S$5,3,FALSE) -> 0 | Y28: =VLOOKUP(Y13,Paths!$P$2:$S$5,3,FALSE) -> 0 | Z28: =VLOOKUP(Z13,Paths!$P$2:$S$5,3,FALSE) -> 0 | AA28: =VLOOKUP(AA13,Paths!$P$2:$S$5,3,FALSE) -> 0 | AB28: =VLOOKUP(AB13,Paths!$P$2:$S$5,3,FALSE) -> 0 | AC28: =VLOOKUP(AC13,Paths!$P$2:$S$5,3,FALSE) -> 0
L29: ='Combatant info data'!L12 | N29: ='Combatant info data'!M12 | Q29: ='Combatant info data'!N12 | R29: ='Combatant info data'!O12 | S29: ='Combatant info data'!P12 | W29: Starting Energy Segements | X29: =VLOOKUP(X13,Paths!$P$2:$S$5,4,FALSE) -> 0 | Y29: =VLOOKUP(Y13,Paths!$P$2:$S$5,4,FALSE) -> 0 | Z29: =VLOOKUP(Z13,Paths!$P$2:$S$5,4,FALSE) -> 0 | AA29: =VLOOKUP(AA13,Paths!$P$2:$S$5,4,FALSE) -> 0 | AB29: =VLOOKUP(AB13,Paths!$P$2:$S$5,4,FALSE) -> 0 | AC29: =VLOOKUP(AC13,Paths!$P$2:$S$5,4,FALSE) -> 0
W31: Prime Special
W32: Segment Requirements | Y32: Result
W33: Minimum | X33: Maximum | Y33: Power Amplification | AB33: Defense Constraint
W34: =VLOOKUP(W4,'Special Techniques'!$A$2:$E$7,4,FALSE) -> 1 | X34: =VLOOKUP(W4,'Special Techniques'!$A$2:$E$7,5,FALSE) -> 5 | Y34: +10% per segment used | AB34: =VLOOKUP(W4,'Special Techniques'!A2:H7,7,FALSE) -> Dodge

Sheet Character Sheet - P2
B2: Character Info | K2: Reaction Skills | V2: Path Information
C4: Name | E4: Degree | G4: Rank | L4: Block | W4: Earth | X4: =VLOOKUP(W4,Paths!$K$2:$N$7,4,FALSE) -> Focuses outward, reducing the chance to successfully block an attack.
C5: Carter | E5: ='Combatant Information'!D3 -> 1st | G5: ='Combatant Information'!E3 -> Stone | L5: Rank | M5: XP | N5: Next Rank | O5: Success Rate | P5: Successful Damage Mitigation | R5: Unsuccessful Damage Mitigation
C6: Team Name | E6: =Input!I11 -> The Barrels | L6: =IF(M6>='Reaction Progression & Log'!$B$12,'Reaction Progression & Log'!$A$12,IF(M6>='Reaction Progression & Log'!$B$11,'Reaction Progression & Log'!$A$11,IF(M6>='Reaction Progression & Log'!$B$10,'Reaction Progression & Log'!$A$10,IF(M6>='Reaction Progression & Log'!$B$9,'Reaction Progression & Log'!$A$9,IF(M6>='Reaction Progression & Log'!$B$8,'Reaction Progression & Log'!$A$8,IF(M6>='Reaction Progression & Log'!$B$7,'Reaction Progression & Log'!$A$7,IF(M6>='Reaction Progression & Log'!$B$6,'Reaction Progression & Log'!$A$6,IF(M6>='Reaction Progression & Log'!$B$5,'Reaction Progression & Log'!$A$5,IF(M6>='Reaction Progression & Log'!$B$4,'Reaction Progression & Log'!$A$4,IF(M6>='Reaction Progression & Log'!$B$3,'Reaction Progression & Log'!$A$3,'Reaction Progression & Log'!$A$2)))))))))) -> 1 | M6: =SUMIF('Reaction Progression & Log'!$D:$D,$C$5,'Reaction Progression & Log'!$E:$E) -> 8 | N6: =IF(L6=11,"--",VLOOKUP(L6+1,'Reaction Progression & Log'!$A$2:$B$12,2,FALSE)) -> 100 | O6: =VLOOKUP($L6,'Defense Simulations'!$C$3:$W$13,3,FALSE) -> 0.4 | P6: =VLOOKUP($L6,'Defense Simulations'!$C$3:$W$13,4,FALSE) -> 0.55 | R6: =VLOOKUP($L6,'Defense Simulations'!$C$3:$W$13,5,FALSE) -> 0.4 | X6: Fire | Y6: Water | Z6: Air | AA6: Earth | AB6: Shadow | AC6: Light
L7: Current | O7: =Math!J14 -> 0.4 | P7: =Math!L14 -> 0.55 | R7: =Math!N14 -> 0.4
W8: Attunement
B9: Core Training Attributes | L9: Dodge | W9: Selection | X9: FALSE | Y9: FALSE | Z9: FALSE | AA9: TRUE | AB9: FALSE | AC9: FALSE
L10: Rank | M10: XP | N10: Next Rank | O10: Success Rate | P10: Successful Damage Mitigation | R10: Unsuccessful Damage Mitigation | X10: =IF(X9=TRUE,X6,"") | Y10: =IF(Y9=TRUE,Y6,"") | Z10: =IF(Z9=TRUE,Z6,"") | AA10: =IF(AA9=TRUE,AA6,"") -> Earth | AB10: =IF(AB9=TRUE,AB6,"") | AC10: =IF(AC9=TRUE,AC6,"")
D11: Available CT Points | F11: Stamina | G11: Power | H11: Speed | L11: =IF(M11>='Reaction Progression & Log'!$B$12,'Reaction Progression & Log'!$A$12,IF(M11>='Reaction Progression & Log'!$B$11,'Reaction Progression & Log'!$A$11,IF(M11>='Reaction Progression & Log'!$B$10,'Reaction Progression & Log'!$A$10,IF(M11>='Reaction Progression & Log'!$B$9,'Reaction Progression & Log'!$A$9,IF(M11>='Reaction Progression & Log'!$B$8,'Reaction Progression & Log'!$A$8,IF(M11>='Reaction Progression & Log'!$B$7,'Reaction Progression & Log'!$A$7,IF(M11>='Reaction Progression & Log'!$B$6,'Reaction Progression & Log'!$A$6,IF(M11>='Reaction Progression & Log'!$B$5,'Reaction Progression & Log'!$A$5,IF(M11>='Reaction Progression & Log'!$B$4,'Reaction Progression & Log'!$A$4,IF(M11>='Reaction Progression & Log'!$B$3,'Reaction Progression & Log'!$A$3,'Reaction Progression & Log'!$A$2)))))))))) -> 1 | M11: =SUMIF('Reaction Progression & Log'!$D:$D,$C$5,'Reaction Progression & Log'!$F:$F) -> 4 | N11: =IF(L11=11,"--",VLOOKUP(L11+1,'Reaction Progression & Log'!$A$2:$B$12,2,FALSE)) -> 100 | O11: =VLOOKUP($L11,'Defense Simulations'!$C$3:$W$13,11,FALSE) -> 0.3 | P11: =VLOOKUP($L11,'Defense Simulations'!$C$3:$W$13,12,FALSE) -> 0.8 | R11: =VLOOKUP($L11,'Defense Simulations'!$C$3:$W$13,13,FALSE) -> 0.1 | W11: Progression
C12: Baseline | D12: =VLOOKUP(CONCATENATE(E5," Degree ",G5),'Rank Progression'!C:G,3,FALSE)-(F13+G13+H13) -> 0 | F12: 5 | G12: 5 | H12: 5 | L12: Current | O12: =Math!P14 -> 0.3 | P12: =Math!R14 -> 0.8 | R12: =Math!T14 -> 0.1 | W12: Energy Accumulation | X12: =CONCATENATE(Paths!AE4," / ",VLOOKUP(X13+1,Paths!$P$2:$S$6,2,FALSE)) -> 0.5 / 35 | Y12: =CONCATENATE(Paths!AG4," / ",VLOOKUP(Y13+1,Paths!$P$2:$S$6,2,FALSE)) -> 0 / 35 | Z12: =CONCATENATE(Paths!AI4," / ",VLOOKUP(Z13+1,Paths!$P$2:$S$6,2,FALSE)) -> 1 / 35 | AA12: =CONCATENATE(Paths!AK4," / ",VLOOKUP(AA13+1,Paths!$P$2:$S$6,2,FALSE)) -> 5.5 / 35 | AB12: =CONCATENATE(Paths!AM4," / ",VLOOKUP(AB13+1,Paths!$P$2:$S$6,2,FALSE)) -> 3.5 / 35 | AC12: =CONCATENATE(Paths!AO4," / ",VLOOKUP(AC13+1,Paths!$P$2:$S$6,2,FALSE)) -> 0 / 35
C13: CT Points | W13: Ascension Gems | X13: =Paths!AF4 -> 0 | Y13: =Paths!AH4 -> 0 | Z13: =Paths!AJ4 -> 0 | AA13: =Paths!AL4 -> 0 | AB13: =Paths!AN4 -> 0 | AC13: =Paths!AP4 -> 0
C14: Current | F14: =F12+F13 -> 5 | G14: =G12+G13 -> 5 | H14: =H12+H13 -> 5 | L14: Parry
L15: Rank | M15: XP | N15: Next Rank | O15: Success Rate | P15: Successful Damage Mitigation | R15: Unsuccessful Damage Mitigation | W15: Style
L16: =IF(M16>='Reaction Progression & Log'!$B$12,'Reaction Progression & Log'!$A$12,IF(M16>='Reaction Progression & Log'!$B$11,'Reaction Progression & Log'!$A$11,IF(M16>='Reaction Progression & Log'!$B$10,'Reaction Progression & Log'!$A$10,IF(M16>='Reaction Progression & Log'!$B$9,'Reaction Progression & Log'!$A$9,IF(M16>='Reaction Progression & Log'!$B$8,'Reaction Progression & Log'!$A$8,IF(M16>='Reaction Progression & Log'!$B$7,'Reaction Progression & Log'!$A$7,IF(M16>='Reaction Progression & Log'!$B$6,'Reaction Progression & Log'!$A$6,IF(M16>='Reaction Progression & Log'!$B$5,'Reaction Progression & Log'!$A$5,IF(M16>='Reaction Progression & Log'!$B$4,'Reaction Progression & Log'!$A$4,IF(M16>='Reaction Progression & Log'!$B$3,'Reaction Progression & Log'!$A$3,'Reaction Progression & Log'!$A$2)))))))))) -> 1 | M16: =SUMIF('Reaction Progression & Log'!$D:$D,$C$5,'Reaction Progression & Log'!$G:$G) -> 4 | N16: =IF(L16=11,"--",VLOOKUP(L16+1,'Reaction Progression & Log'!$A$2:$B$12,2,FALSE)) -> 100 | O16: =VLOOKUP($L16,'Defense Simulations'!$C$3:$W$13,19,FALSE) -> 0.1 | P16: =VLOOKUP($L16,'Defense Simulations'!$C$3:$W$13,20,FALSE) -> 0.9 | R16: =VLOOKUP($L16,'Defense Simulations'!$C$3:$W$13,21,FALSE) -> 0 | W16: Style Focus | X16: Reaction | Y16: Action | Z16: Reaction | AA16: Action | AB16: Action | AC16: Reaction
B17: Personality | L17: Current | O17: =Math!V14 -> 0.1 | P17: =Math!X14 -> 0.9 | R17: =Math!Z14 -> 0 | W17: Energy Focus | X17: Parry S.R. | Y17: Dodge S.R. | Z17: Dodge S.R. | AA17: Block S.R. | AB17: Parry S.R. | AC17: Block S.R.
C19: =Personality!B3 -> Patience | D19: =Personality!C3 -> Empathy | E19: =Personality!D3 -> Cunning | F19: =Personality!E3 -> Logic | G19: =Personality!F3 -> Kindness | H19: =Personality!G3 -> Charisma | W19: Segment Bonuses
C20: =Personality!B5 -> 0.15 | D20: =Personality!C5 -> 0.19 | E20: =Personality!D5 -> 0.15 | F20: =Personality!E5 -> 0.19 | G20: =Personality!F5 -> 0.16 | H20: =Personality!G5 -> 0.16 | K20: Buffs / Debuffs | W20: 1st Segment Bonus | X20: =VLOOKUP(CONCATENATE(X$6," - ",X$13),Paths!$C$2:$I$28,2,FALSE) -> 0.04 | Y20: =VLOOKUP(CONCATENATE(Y6," - ",Y13),Paths!$C$2:$I$28,2,FALSE) -> -0.06 | Z20: =VLOOKUP(CONCATENATE(Z6," - ",Z13),Paths!$C$2:$I$28,2,FALSE) -> 0.06 | AA20: =VLOOKUP(CONCATENATE(AA6," - ",AA13),Paths!$C$2:$I$28,2,FALSE) -> -0.08 | AB20: =VLOOKUP(CONCATENATE(AB6," - ",AB13),Paths!$C$2:$I$28,2,FALSE) -> -0.04 | AC20: =VLOOKUP(CONCATENATE(AC6," - ",AC13),Paths!$C$2:$I$28,2,FALSE) -> 0.08
W21: 2nd Segment Bonus | X21: =VLOOKUP(CONCATENATE(X$6," - ",X$13),Paths!$C$2:$I$28,3,FALSE) -> 0.05 | Y21: =VLOOKUP(CONCATENATE(Y$6," - ",Y$13),Paths!$C$2:$I$28,3,FALSE) -> -0.07 | Z21: =VLOOKUP(CONCATENATE(Z$6," - ",Z$13),Paths!$C$2:$I$28,3,FALSE) -> 0.07 | AA21: =VLOOKUP(CONCATENATE(AA$6," - ",AA$13),Paths!$C$2:$I$28,3,FALSE) -> -0.09 | AB21: =VLOOKUP(CONCATENATE(AB$6," - ",AB$13),Paths!$C$2:$I$28,3,FALSE) -> -0.05 | AC21: =VLOOKUP(CONCATENATE(AC$6," - ",AC$13),Paths!$C$2:$I$28,3,FALSE) -> 0.09
L22: Source | N22: Type | Q22: Round Start | R22: Round End | S22: Change | W22: 3rd Segment Bonus | X22: =VLOOKUP(CONCATENATE(X$6," - ",X$13),Paths!$C$2:$I$28,4,FALSE) -> 0.06 | Y22: =VLOOKUP(CONCATENATE(Y$6," - ",Y$13),Paths!$C$2:$I$28,4,FALSE) -> -0.08 | Z22: =VLOOKUP(CONCATENATE(Z$6," - ",Z$13),Paths!$C$2:$I$28,4,FALSE) -> 0.08 | AA22: =VLOOKUP(CONCATENATE(AA$6," - ",AA$13),Paths!$C$2:$I$28,4,FALSE) -> -0.1 | AB22: =VLOOKUP(CONCATENATE(AB$6," - ",AB$13),Paths!$C$2:$I$28,4,FALSE) -> -0.06 | AC22: =VLOOKUP(CONCATENATE(AC$6," - ",AC$13),Paths!$C$2:$I$28,4,FALSE) -> 0.1
L23: ='Combatant info data'!V6 | N23: ='Combatant info data'!W6 | Q23: ='Combatant info data'!X6 | R23: ='Combatant info data'!Y6 | S23: ='Combatant info data'!Z6 | W23: 4th Segment Bonus | X23: =VLOOKUP(CONCATENATE(X$6," - ",X$13),Paths!$C$2:$I$28,5,FALSE) -> 0.07 | Y23: =VLOOKUP(CONCATENATE(Y$6," - ",Y$13),Paths!$C$2:$I$28,5,FALSE) -> -0.09 | Z23: =VLOOKUP(CONCATENATE(Z$6," - ",Z$13),Paths!$C$2:$I$28,5,FALSE) -> 0.09 | AA23: =VLOOKUP(CONCATENATE(AA$6," - ",AA$13),Paths!$C$2:$I$28,5,FALSE) -> -0.11 | AB23: =VLOOKUP(CONCATENATE(AB$6," - ",AB$13),Paths!$C$2:$I$28,5,FALSE) -> -0.07 | AC23: =VLOOKUP(CONCATENATE(AC$6," - ",AC$13),Paths!$C$2:$I$28,5,FALSE) -> 0.11
L24: ='Combatant info data'!V7 | N24: ='Combatant info data'!W7 | Q24: ='Combatant info data'!X7 | R24: ='Combatant info data'!Y7 | S24: ='Combatant info data'!Z7 | W24: 5th Segment Bonus | X24: =VLOOKUP(CONCATENATE(X$6," - ",X$13),Paths!$C$2:$I$28,6,FALSE) -> 0.08 | Y24: =VLOOKUP(CONCATENATE(Y$6," - ",Y$13),Paths!$C$2:$I$28,6,FALSE) -> -0.1 | Z24: =VLOOKUP(CONCATENATE(Z$6," - ",Z$13),Paths!$C$2:$I$28,6,FALSE) -> 0.1 | AA24: =VLOOKUP(CONCATENATE(AA$6," - ",AA$13),Paths!$C$2:$I$28,6,FALSE) -> -0.12 | AB24: =VLOOKUP(CONCATENATE(AB$6," - ",AB$13),Paths!$C$2:$I$28,6,FALSE) -> -0.08 | AC24: =VLOOKUP(CONCATENATE(AC$6," - ",AC$13),Paths!$C$2:$I$28,6,FALSE) -> 0.12
L25: ='Combatant info data'!V8 | N25: ='Combatant info data'!W8 | Q25: ='Combatant info data'!X8 | R25: ='Combatant info data'!Y8 | S25: ='Combatant info data'!Z8 | W25: 6th Segment Bonus | X25: =VLOOKUP(CONCATENATE(X$6," - ",X$13),Paths!$C$2:$I$28,7,FALSE) -> 0.09 | Y25: =VLOOKUP(CONCATENATE(Y$6," - ",Y$13),Paths!$C$2:$I$28,7,FALSE) -> -0.11 | Z25: =VLOOKUP(CONCATENATE(Z$6," - ",Z$13),Paths!$C$2:$I$28,7,FALSE) -> 0.11 | AA25: =VLOOKUP(CONCATENATE(AA$6," - ",AA$13),Paths!$C$2:$I$28,7,FALSE) -> -0.13 | AB25: =VLOOKUP(CONCATENATE(AB$6," - ",AB$13),Paths!$C$2:$I$28,7,FALSE) -> -0.09 | AC25: =VLOOKUP(CONCATENATE(AC$6," - ",AC$13),Paths!$C$2:$I$28,7,FALSE) -> 0.13
L26: ='Combatant info data'!V9 | N26: ='Combatant info data'!W9 | Q26: ='Combatant info data'!X9 | R26: ='Combatant info data'!Y9 | S26: ='Combatant info data'!Z9
L27: ='Combatant info data'!V10 | N27: ='Combatant info data'!W10 | Q27: ='Combatant info data'!X10 | R27: ='Combatant info data'!Y10 | S27: ='Combatant info data'!Z10 | W27: Other Bonuses
L28: ='Combatant info data'!V11 | N28: ='Combatant info data'!W11 | Q28: ='Combatant info data'!X11 | R28: ='Combatant info data'!Y11 | S28: ='Combatant info data'!Z11 | W28: Energy Accumulation Bonus | X28: =VLOOKUP(X13,Paths!$P$2:$S$5,3,FALSE) -> 0 | Y28: =VLOOKUP(Y13,Paths!$P$2:$S$5,3,FALSE) -> 0 | Z28: =VLOOKUP(Z13,Paths!$P$2:$S$5,3,FALSE) -> 0 | AA28: =VLOOKUP(AA13,Paths!$P$2:$S$5,3,FALSE) -> 0 | AB28: =VLOOKUP(AB13,Paths!$P$2:$S$5,3,FALSE) -> 0 | AC28: =VLOOKUP(AC13,Paths!$P$2:$S$5,3,FALSE) -> 0
L29: ='Combatant info data'!V12 | N29: ='Combatant info data'!W12 | Q29: ='Combatant info data'!X12 | R29: ='Combatant info data'!Y12 | S29: ='Combatant info data'!Z12 | W29: Starting Energy Segements | X29: =VLOOKUP(X13,Paths!$P$2:$S$5,4,FALSE) -> 0 | Y29: =VLOOKUP(Y13,Paths!$P$2:$S$5,4,FALSE) -> 0 | Z29: =VLOOKUP(Z13,Paths!$P$2:$S$5,4,FALSE) -> 0 | AA29: =VLOOKUP(AA13,Paths!$P$2:$S$5,4,FALSE) -> 0 | AB29: =VLOOKUP(AB13,Paths!$P$2:$S$5,4,FALSE) -> 0 | AC29: =VLOOKUP(AC13,Paths!$P$2:$S$5,4,FALSE) -> 0
W31: Prime Special
W32: Segment Requirements | Y32: Result
W33: Minimum | X33: Maximum | Y33: Power Amplification | AB33: Defense Constraint
W34: =VLOOKUP(W4,'Special Techniques'!$A$2:$E$7,4,FALSE) -> 1 | X34: =VLOOKUP(W4,'Special Techniques'!$A$2:$E$7,5,FALSE) -> 5 | Y34: +10% per segment used | AB34: =VLOOKUP(W4,'Special Techniques'!A2:H7,7,FALSE) -> Block

Sheet Character Sheet - P3
B2: Character Info | K2: Reaction Skills | V2: Path Information
C4: Name | E4: Degree | G4: Rank | L4: Block | W4: Shadow | X4: =VLOOKUP(W4,Paths!$K$2:$N$7,4,FALSE) -> Focuses outward, reducing the chance to successfully parry an attack.
C5: Joe | E5: ='Combatant Information'!D3 -> 1st | G5: ='Combatant Information'!E3 -> Stone | L5: Rank | M5: XP | N5: Next Rank | O5: Success Rate | P5: Successful Damage Mitigation | R5: Unsuccessful Damage Mitigation
C6: Team Name | E6: =Input!I11 -> The Barrels | L6: =IF(M6>='Reaction Progression & Log'!$B$12,'Reaction Progression & Log'!$A$12,IF(M6>='Reaction Progression & Log'!$B$11,'Reaction Progression & Log'!$A$11,IF(M6>='Reaction Progression & Log'!$B$10,'Reaction Progression & Log'!$A$10,IF(M6>='Reaction Progression & Log'!$B$9,'Reaction Progression & Log'!$A$9,IF(M6>='Reaction Progression & Log'!$B$8,'Reaction Progression & Log'!$A$8,IF(M6>='Reaction Progression & Log'!$B$7,'Reaction Progression & Log'!$A$7,IF(M6>='Reaction Progression & Log'!$B$6,'Reaction Progression & Log'!$A$6,IF(M6>='Reaction Progression & Log'!$B$5,'Reaction Progression & Log'!$A$5,IF(M6>='Reaction Progression & Log'!$B$4,'Reaction Progression & Log'!$A$4,IF(M6>='Reaction Progression & Log'!$B$3,'Reaction Progression & Log'!$A$3,'Reaction Progression & Log'!$A$2)))))))))) -> 1 | M6: =SUMIF('Reaction Progression & Log'!$D:$D,$C$5,'Reaction Progression & Log'!$E:$E) -> 2 | N6: =IF(L6=11,"--",VLOOKUP(L6+1,'Reaction Progression & Log'!$A$2:$B$12,2,FALSE)) -> 100 | O6: =VLOOKUP($L6,'Defense Simulations'!$C$3:$W$13,3,FALSE) -> 0.4 | P6: =VLOOKUP($L6,'Defense Simulations'!$C$3:$W$13,4,FALSE) -> 0.55 | R6: =VLOOKUP($L6,'Defense Simulations'!$C$3:$W$13,5,FALSE) -> 0.4 | X6: Fire | Y6: Water | Z6: Air | AA6: Earth | AB6: Shadow | AC6: Light
L7: Current | O7: =Math!J15 -> 0.4 | P7: =Math!L15 -> 0.55 | R7: =Math!N15 -> 0.4
W8: Attunement
B9: Core Training Attributes | L9: Dodge | W9: Selection | X9: FALSE | Y9: FALSE | Z9: FALSE | AA9: FALSE | AB9: TRUE | AC9: FALSE
L10: Rank | M10: XP | N10: Next Rank | O10: Success Rate | P10: Successful Damage Mitigation | R10: Unsuccessful Damage Mitigation | X10: =IF(X9=TRUE,X6,"") | Y10: =IF(Y9=TRUE,Y6,"") | Z10: =IF(Z9=TRUE,Z6,"") | AA10: =IF(AA9=TRUE,AA6,"") | AB10: =IF(AB9=TRUE,AB6,"") -> Shadow | AC10: =IF(AC9=TRUE,AC6,"")
D11: Available CT Points | F11: Stamina | G11: Power | H11: Speed | L11: =IF(M11>='Reaction Progression & Log'!$B$12,'Reaction Progression & Log'!$A$12,IF(M11>='Reaction Progression & Log'!$B$11,'Reaction Progression & Log'!$A$11,IF(M11>='Reaction Progression & Log'!$B$10,'Reaction Progression & Log'!$A$10,IF(M11>='Reaction Progression & Log'!$B$9,'Reaction Progression & Log'!$A$9,IF(M11>='Reaction Progression & Log'!$B$8,'Reaction Progression & Log'!$A$8,IF(M11>='Reaction Progression & Log'!$B$7,'Reaction Progression & Log'!$A$7,IF(M11>='Reaction Progression & Log'!$B$6,'Reaction Progression & Log'!$A$6,IF(M11>='Reaction Progression & Log'!$B$5,'Reaction Progression & Log'!$A$5,IF(M11>='Reaction Progression & Log'!$B$4,'Reaction Progression & Log'!$A$4,IF(M11>='Reaction Progression & Log'!$B$3,'Reaction Progression & Log'!$A$3,'Reaction Progression & Log'!$A$2)))))))))) -> 1 | M11: =SUMIF('Reaction Progression & Log'!$D:$D,$C$5,'Reaction Progression & Log'!$F:$F) -> 0 | N11: =IF(L11=11,"--",VLOOKUP(L11+1,'Reaction Progression & Log'!$A$2:$B$12,2,FALSE)) -> 100 | O11: =VLOOKUP($L11,'Defense Simulations'!$C$3:$W$13,11,FALSE) -> 0.3 | P11: =VLOOKUP($L11,'Defense Simulations'!$C$3:$W$13,12,FALSE) -> 0.8 | R11: =VLOOKUP($L11,'Defense Simulations'!$C$3:$W$13,13,FALSE) -> 0.1 | W11: Progression
C12: Baseline | D12: =VLOOKUP(CONCATENATE(E5," Degree ",G5),'Rank Progression'!C:G,3,FALSE)-(F13+G13+H13) -> 0 | F12: 5 | G12: 5 | H12: 5 | L12: Current | O12: =Math!P15 -> 0.3 | P12: =Math!R15 -> 0.8 | R12: =Math!T15 -> 0.1 | W12: Energy Accumulation | X12: =CONCATENATE(Paths!AE5," / ",VLOOKUP(X13+1,Paths!$P$2:$S$6,2,FALSE)) -> 6 / 35 | Y12: =CONCATENATE(Paths!AG5," / ",VLOOKUP(Y13+1,Paths!$P$2:$S$6,2,FALSE)) -> 0 / 35 | Z12: =CONCATENATE(Paths!AI5," / ",VLOOKUP(Z13+1,Paths!$P$2:$S$6,2,FALSE)) -> 0 / 35 | AA12: =CONCATENATE(Paths!AK5," / ",VLOOKUP(AA13+1,Paths!$P$2:$S$6,2,FALSE)) -> 0.75 / 35 | AB12: =CONCATENATE(Paths!AM5," / ",VLOOKUP(AB13+1,Paths!$P$2:$S$6,2,FALSE)) -> 5.5 / 35 | AC12: =CONCATENATE(Paths!AO5," / ",VLOOKUP(AC13+1,Paths!$P$2:$S$6,2,FALSE)) -> 0 / 35
C13: CT Points | W13: Ascension Gems | X13: =Paths!AF5 -> 0 | Y13: =Paths!AH5 -> 0 | Z13: =Paths!AJ5 -> 0 | AA13: =Paths!AL5 -> 0 | AB13: =Paths!AN5 -> 0 | AC13: =Paths!AP5 -> 0
C14: Current | F14: =F12+F13 -> 5 | G14: =G12+G13 -> 5 | H14: =H12+H13 -> 5 | L14: Parry
L15: Rank | M15: XP | N15: Next Rank | O15: Success Rate | P15: Successful Damage Mitigation | R15: Unsuccessful Damage Mitigation | W15: Style
L16: =IF(M16>='Reaction Progression & Log'!$B$12,'Reaction Progression & Log'!$A$12,IF(M16>='Reaction Progression & Log'!$B$11,'Reaction Progression & Log'!$A$11,IF(M16>='Reaction Progression & Log'!$B$10,'Reaction Progression & Log'!$A$10,IF(M16>='Reaction Progression & Log'!$B$9,'Reaction Progression & Log'!$A$9,IF(M16>='Reaction Progression & Log'!$B$8,'Reaction Progression & Log'!$A$8,IF(M16>='Reaction Progression & Log'!$B$7,'Reaction Progression & Log'!$A$7,IF(M16>='Reaction Progression & Log'!$B$6,'Reaction Progression & Log'!$A$6,IF(M16>='Reaction Progression & Log'!$B$5,'Reaction Progression & Log'!$A$5,IF(M16>='Reaction Progression & Log'!$B$4,'Reaction Progression & Log'!$A$4,IF(M16>='Reaction Progression & Log'!$B$3,'Reaction Progression & Log'!$A$3,'Reaction Progression & Log'!$A$2)))))))))) -> 1 | M16: =SUMIF('Reaction Progression & Log'!$D:$D,$C$5,'Reaction Progression & Log'!$G:$G) -> 8 | N16: =IF(L16=11,"--",VLOOKUP(L16+1,'Reaction Progression & Log'!$A$2:$B$12,2,FALSE)) -> 100 | O16: =VLOOKUP($L16,'Defense Simulations'!$C$3:$W$13,19,FALSE) -> 0.1 | P16: =VLOOKUP($L16,'Defense Simulations'!$C$3:$W$13,20,FALSE) -> 0.9 | R16: =VLOOKUP($L16,'Defense Simulations'!$C$3:$W$13,21,FALSE) -> 0 | W16: Style Focus | X16: Reaction | Y16: Action | Z16: Reaction | AA16: Action | AB16: Action | AC16: Reaction
B17: Personality | L17: Current | O17: =Math!V15 -> 0.1 | P17: =Math!X15 -> 0.9 | R17: =Math!Z15 -> 0 | W17: Energy Focus | X17: Parry S.R. | Y17: Dodge S.R. | Z17: Dodge S.R. | AA17: Block S.R. | AB17: Parry S.R. | AC17: Block S.R.
C19: =Personality!B3 -> Patience | D19: =Personality!C3 -> Empathy | E19: =Personality!D3 -> Cunning | F19: =Personality!E3 -> Logic | G19: =Personality!F3 -> Kindness | H19: =Personality!G3 -> Charisma | W19: Segment Bonuses
C20: =Personality!B6 -> 0.15 | D20: =Personality!C6 -> 0.15 | E20: =Personality!D6 -> 0.19 | F20: =Personality!E6 -> 0.16 | G20: =Personality!F6 -> 0.16 | H20: =Personality!G6 -> 0.19 | K20: Buffs / Debuffs | W20: 1st Segment Bonus | X20: =VLOOKUP(CONCATENATE(X$6," - ",X$13),Paths!$C$2:$I$28,2,FALSE) -> 0.04 | Y20: =VLOOKUP(CONCATENATE(Y6," - ",Y13),Paths!$C$2:$I$28,2,FALSE) -> -0.06 | Z20: =VLOOKUP(CONCATENATE(Z6," - ",Z13),Paths!$C$2:$I$28,2,FALSE) -> 0.06 | AA20: =VLOOKUP(CONCATENATE(AA6," - ",AA13),Paths!$C$2:$I$28,2,FALSE) -> -0.08 | AB20: =VLOOKUP(CONCATENATE(AB6," - ",AB13),Paths!$C$2:$I$28,2,FALSE) -> -0.04 | AC20: =VLOOKUP(CONCATENATE(AC6," - ",AC13),Paths!$C$2:$I$28,2,FALSE) -> 0.08
W21: 2nd Segment Bonus | X21: =VLOOKUP(CONCATENATE(X$6," - ",X$13),Paths!$C$2:$I$28,3,FALSE) -> 0.05 | Y21: =VLOOKUP(CONCATENATE(Y$6," - ",Y$13),Paths!$C$2:$I$28,3,FALSE) -> -0.07 | Z21: =VLOOKUP(CONCATENATE(Z$6," - ",Z$13),Paths!$C$2:$I$28,3,FALSE) -> 0.07 | AA21: =VLOOKUP(CONCATENATE(AA$6," - ",AA$13),Paths!$C$2:$I$28,3,FALSE) -> -0.09 | AB21: =VLOOKUP(CONCATENATE(AB$6," - ",AB$13),Paths!$C$2:$I$28,3,FALSE) -> -0.05 | AC21: =VLOOKUP(CONCATENATE(AC$6," - ",AC$13),Paths!$C$2:$I$28,3,FALSE) -> 0.09
L22: Source | N22: Type | Q22: Round Start | R22: Round End | S22: Change | W22: 3rd Segment Bonus | X22: =VLOOKUP(CONCATENATE(X$6," - ",X$13),Paths!$C$2:$I$28,4,FALSE) -> 0.06 | Y22: =VLOOKUP(CONCATENATE(Y$6," - ",Y$13),Paths!$C$2:$I$28,4,FALSE) -> -0.08 | Z22: =VLOOKUP(CONCATENATE(Z$6," - ",Z$13),Paths!$C$2:$I$28,4,FALSE) -> 0.08 | AA22: =VLOOKUP(CONCATENATE(AA$6," - ",AA$13),Paths!$C$2:$I$28,4,FALSE) -> -0.1 | AB22: =VLOOKUP(CONCATENATE(AB$6," - ",AB$13),Paths!$C$2:$I$28,4,FALSE) -> -0.06 | AC22: =VLOOKUP(CONCATENATE(AC$6," - ",AC$13),Paths!$C$2:$I$28,4,FALSE) -> 0.1
L23: ='Combatant info data'!AF6 | N23: ='Combatant info data'!AG6 | Q23: ='Combatant info data'!AH6 | R23: ='Combatant info data'!AI6 | S23: ='Combatant info data'!AJ6 | W23: 4th Segment Bonus | X23: =VLOOKUP(CONCATENATE(X$6," - ",X$13),Paths!$C$2:$I$28,5,FALSE) -> 0.07 | Y23: =VLOOKUP(CONCATENATE(Y$6," - ",Y$13),Paths!$C$2:$I$28,5,FALSE) -> -0.09 | Z23: =VLOOKUP(CONCATENATE(Z$6," - ",Z$13),Paths!$C$2:$I$28,5,FALSE) -> 0.09 | AA23: =VLOOKUP(CONCATENATE(AA$6," - ",AA$13),Paths!$C$2:$I$28,5,FALSE) -> -0.11 | AB23: =VLOOKUP(CONCATENATE(AB$6," - ",AB$13),Paths!$C$2:$I$28,5,FALSE) -> -0.07 | AC23: =VLOOKUP(CONCATENATE(AC$6," - ",AC$13),Paths!$C$2:$I$28,5,FALSE) -> 0.11
L24: ='Combatant info data'!AF7 | N24: ='Combatant info data'!AG7 | Q24: ='Combatant info data'!AH7 | R24: ='Combatant info data'!AI7 | S24: ='Combatant info data'!AJ7 | W24: 5th Segment Bonus | X24: =VLOOKUP(CONCATENATE(X$6," - ",X$13),Paths!$C$2:$I$28,6,FALSE) -> 0.08 | Y24: =VLOOKUP(CONCATENATE(Y$6," - ",Y$13),Paths!$C$2:$I$28,6,FALSE) -> -0.1 | Z24: =VLOOKUP(CONCATENATE(Z$6," - ",Z$13),Paths!$C$2:$I$28,6,FALSE) -> 0.1 | AA24: =VLOOKUP(CONCATENATE(AA$6," - ",AA$13),Paths!$C$2:$I$28,6,FALSE) -> -0.12 | AB24: =VLOOKUP(CONCATENATE(AB$6," - ",AB$13),Paths!$C$2:$I$28,6,FALSE) -> -0.08 | AC24: =VLOOKUP(CONCATENATE(AC$6," - ",AC$13),Paths!$C$2:$I$28,6,FALSE) -> 0.12
L25: ='Combatant info data'!AF8 | N25: ='Combatant info data'!AG8 | Q25: ='Combatant info data'!AH8 | R25: ='Combatant info data'!AI8 | S25: ='Combatant info data'!AJ8 | W25: 6th Segment Bonus | X25: =VLOOKUP(CONCATENATE(X$6," - ",X$13),Paths!$C$2:$I$28,7,FALSE) -> 0.09 | Y25: =VLOOKUP(CONCATENATE(Y$6," - ",Y$13),Paths!$C$2:$I$28,7,FALSE) -> -0.11 | Z25: =VLOOKUP(CONCATENATE(Z$6," - ",Z$13),Paths!$C$2:$I$28,7,FALSE) -> 0.11 | AA25: =VLOOKUP(CONCATENATE(AA$6," - ",AA$13),Paths!$C$2:$I$28,7,FALSE) -> -0.13 | AB25: =VLOOKUP(CONCATENATE(AB$6," - ",AB$13),Paths!$C$2:$I$28,7,FALSE) -> -0.09 | AC25: =VLOOKUP(CONCATENATE(AC$6," - ",AC$13),Paths!$C$2:$I$28,7,FALSE) -> 0.13
L26: ='Combatant info data'!AF9 | N26: ='Combatant info data'!AG9 | Q26: ='Combatant info data'!AH9 | R26: ='Combatant info data'!AI9 | S26: ='Combatant info data'!AJ9
L27: ='Combatant info data'!AF10 | N27: ='Combatant info data'!AG10 | Q27: ='Combatant info data'!AH10 | R27: ='Combatant info data'!AI10 | S27: ='Combatant info data'!AJ10 | W27: Other Bonuses
L28: ='Combatant info data'!AF11 | N28: ='Combatant info data'!AG11 | Q28: ='Combatant info data'!AH11 | R28: ='Combatant info data'!AI11 | S28: ='Combatant info data'!AJ11 | W28: Energy Accumulation Bonus | X28: =VLOOKUP(X13,Paths!$P$2:$S$5,3,FALSE) -> 0 | Y28: =VLOOKUP(Y13,Paths!$P$2:$S$5,3,FALSE) -> 0 | Z28: =VLOOKUP(Z13,Paths!$P$2:$S$5,3,FALSE) -> 0 | AA28: =VLOOKUP(AA13,Paths!$P$2:$S$5,3,FALSE) -> 0 | AB28: =VLOOKUP(AB13,Paths!$P$2:$S$5,3,FALSE) -> 0 | AC28: =VLOOKUP(AC13,Paths!$P$2:$S$5,3,FALSE) -> 0
L29: ='Combatant info data'!AF12 | N29: ='Combatant info data'!AG12 | Q29: ='Combatant info data'!AH12 | R29: ='Combatant info data'!AI12 | S29: ='Combatant info data'!AJ12 | W29: Starting Energy Segements | X29: =VLOOKUP(X13,Paths!$P$2:$S$5,4,FALSE) -> 0 | Y29: =VLOOKUP(Y13,Paths!$P$2:$S$5,4,FALSE) -> 0 | Z29: =VLOOKUP(Z13,Paths!$P$2:$S$5,4,FALSE) -> 0 | AA29: =VLOOKUP(AA13,Paths!$P$2:$S$5,4,FALSE) -> 0 | AB29: =VLOOKUP(AB13,Paths!$P$2:$S$5,4,FALSE) -> 0 | AC29: =VLOOKUP(AC13,Paths!$P$2:$S$5,4,FALSE) -> 0
W31: Prime Special
W32: Segment Requirements | Y32: Result
W33: Minimum | X33: Maximum | Y33: Power Amplification | AB33: Defense Constraint
W34: =VLOOKUP(W4,'Special Techniques'!$A$2:$E$7,4,FALSE) -> 1 | X34: =VLOOKUP(W4,'Special Techniques'!$A$2:$E$7,5,FALSE) -> 5 | Y34: +10% per segment used | AB34: =VLOOKUP(W4,'Special Techniques'!A2:H7,7,FALSE) -> Parry

Sheet Input
A1: Combatant Information | L1: Reaction List | M1: Available Reactions
A2: Combatant | B2: Degree | C2: Rank | D2: Path | E2: Stamina | F2: Power | G2: Speed | H2: Block Rank | I2: Dodge Rank | J2: Parry Rank | K2: Path Ascension Level | L2: Block | M2: =IF($L$7="Special",IF(VLOOKUP(VLOOKUP($M$7,$A$3:$D$8,4,FALSE),'Special Techniques'!$A$2:$G$7,7,FALSE)=L2,L2,""),IF($L$7="K.O.","",IF($L$7="Blindside","",L2))) -> #N/A | N2: This will be based off subtypes defense constraints eventually
A3: ='Character Sheet - P1'!C5 -> Will | B3: =VLOOKUP(Math!A57,'Rank Progression'!$D$2:$Q$101,14,FALSE) -> 1st | C3: =VLOOKUP(Math!A57,'Rank Progression'!$D$2:$Q$101,13,FALSE) -> Stone | D3: ='Character Sheet - P1'!W4 -> Air | E3: ='Character Sheet - P1'!F14 -> 5 | F3: ='Character Sheet - P1'!G14 -> 5 | G3: ='Character Sheet - P1'!H14 -> 5 | H3: ='Character Sheet - P1'!L6 -> 1 | I3: ='Character Sheet - P1'!L11 -> 1 | J3: ='Character Sheet - P1'!L16 -> 1 | K3: =IF(D3=Paths!$AE$1,Paths!AF$3,IF(D3=Paths!$AG$1,Paths!AH3,IF(D3=Paths!$AI$1,Paths!AJ3,IF(D3=Paths!$AK$1,Paths!AL3,IF(D3=Paths!$AM$1,Paths!AN3,IF(D3=Paths!$AO$1,Paths!AP3,"X")))))) -> 0 | L3: Dodge | M3: =IF($L$7="Special",IF(VLOOKUP(VLOOKUP($M$7,$A$3:$D$8,4,FALSE),'Special Techniques'!$A$2:$G$7,7,FALSE)=L3,L3,""),IF($L$7="K.O.","",IF($L$7="Blindside","",L3))) -> #N/A
A4: ='Character Sheet - P2'!C5 -> Carter | B4: =B3 -> 1st | C4: =C3 -> Stone | D4: ='Character Sheet - P2'!W4 -> Earth | E4: ='Character Sheet - P2'!F14 -> 5 | F4: ='Character Sheet - P2'!G14 -> 5 | G4: ='Character Sheet - P2'!H14 -> 5 | H4: ='Character Sheet - P2'!L6 -> 1 | I4: ='Character Sheet - P2'!L11 -> 1 | J4: ='Character Sheet - P2'!L16 -> 1 | K4: =IF(D4=Paths!$AE$1,Paths!AF$3,IF(D4=Paths!$AG$1,Paths!AH4,IF(D4=Paths!$AI$1,Paths!AJ4,IF(D4=Paths!$AK$1,Paths!AL4,IF(D4=Paths!$AM$1,Paths!AN4,IF(D4=Paths!$AO$1,Paths!AP4,"X")))))) -> 0 | L4: Parry | M4: =IF($L$7="Special",IF(VLOOKUP(VLOOKUP($M$7,$A$3:$D$8,4,FALSE),'Special Techniques'!$A$2:$G$7,7,FALSE)=L4,L4,""),IF($L$7="K.O.","",IF($L$7="Blindside","",L4))) -> #N/A
A5: ='Character Sheet - P3'!C5 -> Joe | B5: =B3 -> 1st | C5: =C3 -> Stone | D5: ='Character Sheet - P3'!W4 -> Shadow | E5: ='Character Sheet - P3'!F14 -> 5 | F5: ='Character Sheet - P3'!G14 -> 5 | G5: ='Character Sheet - P3'!H14 -> 5 | H5: ='Character Sheet - P3'!L6 -> 1 | I5: ='Character Sheet - P3'!L11 -> 1 | J5: ='Character Sheet - P3'!L16 -> 1 | K5: =IF(D5=Paths!$AE$1,Paths!AF$3,IF(D5=Paths!$AG$1,Paths!AH5,IF(D5=Paths!$AI$1,Paths!AJ5,IF(D5=Paths!$AK$1,Paths!AL5,IF(D5=Paths!$AM$1,Paths!AN5,IF(D5=Paths!$AO$1,Paths!AP5,"X")))))) -> 0 | L5: Defenseless | M5: =IF($L$7="Blindside",L5,IF(L7="K.O.",L5,"")) -> #N/A | X5: Initial Combat Path | Y5: Attuned Paths
A6: =VLOOKUP(J11,'Battle Scenarios'!A:Z,5,FALSE) -> Jake | B6: =VLOOKUP(J11,'Battle Scenarios'!A:Z,3,FALSE) -> 1st | C6: =VLOOKUP(J11,'Battle Scenarios'!A:Z,4,FALSE) -> Stone | D6: Earth | E6: =VLOOKUP(CONCATENATE($I$14," - ", $A6),'Battle Scenarios'!$F$2:$Y$1000,2,FALSE) -> 5 | F6: =VLOOKUP(CONCATENATE($I$14," - ", $A6),'Battle Scenarios'!$F$2:$Y$1000,3,FALSE) -> 5 | G6: =VLOOKUP(CONCATENATE($I$14," - ", $A6),'Battle Scenarios'!$F$2:$Y$1000,4,FALSE) -> 5 | H6: =VLOOKUP(CONCATENATE($I$14," - ", $A6),'Battle Scenarios'!$F$2:$Y$1000,5,FALSE) -> 1 | I6: =VLOOKUP(CONCATENATE($I$14," - ", $A6),'Battle Scenarios'!$F$2:$Y$1000,6,FALSE) -> 1 | J6: =VLOOKUP(CONCATENATE($I$14," - ", $A6),'Battle Scenarios'!$F$2:$Y$1000,7,FALSE) -> 1 | K6: =VLOOKUP(CONCATENATE($I$14," - ", $A6),'Battle Scenarios'!$F$2:$Y$1000,8+K10,FALSE) -> 0 | L6: Current Action | M6: Current Actor | N6: Current Rank Roll | Q6: Current Actor Path | R6: Target Path | X6: =VLOOKUP($J$11,'Battle Scenarios'!$A:$AG,25,FALSE) -> Earth | Y6: =VLOOKUP($J$11,'Battle Scenarios'!$A:$AG,28,FALSE) | Z6: =VLOOKUP($J$11,'Battle Scenarios'!$A:$AG,29,FALSE) | AA6: =VLOOKUP($J$11,'Battle Scenarios'!$A:$AG,30,FALSE) | AB6: =VLOOKUP($J$11,'Battle Scenarios'!$A:$AG,31,FALSE) -> Earth | AC6: =VLOOKUP($J$11,'Battle Scenarios'!$A:$AG,32,FALSE) | AD6: =VLOOKUP($J$11,'Battle Scenarios'!$A:$AG,33,FALSE)
A7: =VLOOKUP(J11,'Battle Scenarios'!A:AI,34,FALSE) -> Jim | B7: =B6 -> 1st | C7: =C6 -> Stone | D7: Earth | E7: =VLOOKUP(CONCATENATE($I$14," - ", $A7),'Battle Scenarios'!$F$2:$Y$1000,2,FALSE) -> 5 | F7: =VLOOKUP(CONCATENATE($I$14," - ", $A7),'Battle Scenarios'!$F$2:$Y$1000,3,FALSE) -> 5 | G7: =VLOOKUP(CONCATENATE($I$14," - ", $A7),'Battle Scenarios'!$F$2:$Y$1000,4,FALSE) -> 5 | H7: =VLOOKUP(CONCATENATE($I$14," - ", $A7),'Battle Scenarios'!$F$2:$Y$1000,5,FALSE) -> 1 | I7: =VLOOKUP(CONCATENATE($I$14," - ", $A7),'Battle Scenarios'!$F$2:$Y$1000,6,FALSE) -> 1 | J7: =VLOOKUP(CONCATENATE($I$14," - ", $A7),'Battle Scenarios'!$F$2:$Y$1000,7,FALSE) -> 1 | K7: =VLOOKUP(CONCATENATE($I$14," - ", $A7),'Battle Scenarios'!$F$2:$Y$1000,8+K11,FALSE) -> 0 | L7: {=IF(ISERROR(INDEX(O32:O46,O13-O12,1)),HLOOKUP("*",B32:B46,O13-O12,FALSE),IF(N7=1,"K.O.",IF(INDEX(O32:O46,O13-O12,1)=1,"Blindside",HLOOKUP("*",B32:B46,O13-O12,FALSE))))} -> #N/A | M7: =HLOOKUP("*",B50:B64,O13-O12,FALSE) -> #N/A | N7: {=INDEX(M32:M46,O13-O12,1)} | Q7: =VLOOKUP(M7,$A$3:$D$8,4,FALSE) -> #N/A | R7: =VLOOKUP(HLOOKUP("*",H50:H64,O13-O12,FALSE),$A$3:$D$8,4,FALSE) -> #N/A | X7: =VLOOKUP(CONCATENATE($I$14," - ", $A7),'Battle Scenarios'!$F$2:$Y$1000,20,FALSE) -> Earth | Y7: =VLOOKUP(CONCATENATE($I$14," - ", $A7),'Battle Scenarios'!$F$2:$AG$1000,23,FALSE) | Z7: =VLOOKUP(CONCATENATE($I$14," - ", $A7),'Battle Scenarios'!$F$2:$AG$1000,24,FALSE) | AA7: =VLOOKUP(CONCATENATE($I$14," - ", $A7),'Battle Scenarios'!$F$2:$AG$1000,25,FALSE) | AB7: =VLOOKUP(CONCATENATE($I$14," - ", $A7),'Battle Scenarios'!$F$2:$AG$1000,26,FALSE) -> Earth | AC7: =VLOOKUP(CONCATENATE($I$14," - ", $A7),'Battle Scenarios'!$F$2:$AG$1000,27,FALSE) | AD7: =VLOOKUP(CONCATENATE($I$14," - ", $A7),'Battle Scenarios'!$F$2:$AG$1000,28,FALSE)
A8: =VLOOKUP(J11,'Battle Scenarios'!A:AI,35,FALSE) -> Jordan | B8: =B6 -> 1st | C8: =C6 -> Stone | D8: Earth | E8: =VLOOKUP(CONCATENATE($I$14," - ", $A8),'Battle Scenarios'!$F$2:$Y$1000,2,FALSE) -> 5 | F8: =VLOOKUP(CONCATENATE($I$14," - ", $A8),'Battle Scenarios'!$F$2:$Y$1000,3,FALSE) -> 5 | G8: =VLOOKUP(CONCATENATE($I$14," - ", $A8),'Battle Scenarios'!$F$2:$Y$1000,4,FALSE) -> 5 | H8: =VLOOKUP(CONCATENATE($I$14," - ", $A8),'Battle Scenarios'!$F$2:$Y$1000,5,FALSE) -> 1 | I8: =VLOOKUP(CONCATENATE($I$14," - ", $A8),'Battle Scenarios'!$F$2:$Y$1000,6,FALSE) -> 1 | J8: =VLOOKUP(CONCATENATE($I$14," - ", $A8),'Battle Scenarios'!$F$2:$Y$1000,7,FALSE) -> 1 | K8: =VLOOKUP(CONCATENATE($I$14," - ", $A8),'Battle Scenarios'!$F$2:$Y$1000,8+K12,FALSE) -> 0 | X8: =VLOOKUP(CONCATENATE($I$14," - ", $A8),'Battle Scenarios'!$F$2:$Y$1000,20,FALSE) -> Earth | Y8: =VLOOKUP(CONCATENATE($I$14," - ", $A8),'Battle Scenarios'!$F$2:$AG$1000,23,FALSE) | Z8: =VLOOKUP(CONCATENATE($I$14," - ", $A8),'Battle Scenarios'!$F$2:$AG$1000,24,FALSE) | AA8: =VLOOKUP(CONCATENATE($I$14," - ", $A8),'Battle Scenarios'!$F$2:$AG$1000,25,FALSE) | AB8: =VLOOKUP(CONCATENATE($I$14," - ", $A8),'Battle Scenarios'!$F$2:$AG$1000,26,FALSE) -> Earth | AC8: =VLOOKUP(CONCATENATE($I$14," - ", $A8),'Battle Scenarios'!$F$2:$AG$1000,27,FALSE) | AD8: =VLOOKUP(CONCATENATE($I$14," - ", $A8),'Battle Scenarios'!$F$2:$AG$1000,28,FALSE)
L9: Execution Records
A10: Combatant | B10: Max Stamina | C10: Current Stamina | D10: Current Energy | E10: Current Segments | I10: Team Names | J10: Current Scenario | K10: =IF(D6="Fire",0,IF(D6="Water",1,IF(D6="Air",2,IF(D6="Earth",3,IF(D6="Shadow",4,IF(D6="Light",5,"X")))))) -> 3 | L10: Initial Copy Row | M10: 50 | N10: Initial Copy Row | O10: 50
A11: =A3 -> Will | B11: =Math!B13 -> 25 | C11: =Math!C13 -> 25 | D11: =Math!E22 -> 0 | E11: =Math!F22 -> 0 | I11: The Barrels | J11: 2 | K11: =IF(D7="Fire",0,IF(D7="Water",1,IF(D7="Air",2,IF(D7="Earth",3,IF(D7="Shadow",4,IF(D7="Light",5,"X")))))) -> 3 | L11: Current Copy Row | M11: 50 | N11: Current Copy Row | O11: 50 | X11: Paste Range for champ fight
A12: =A4 -> Carter | B12: =Math!B14 -> 25 | C12: =Math!C14 -> 25 | D12: =Math!E23 -> 0 | E12: =Math!F23 -> 0 | K12: =IF(D8="Fire",0,IF(D8="Water",1,IF(D8="Air",2,IF(D8="Earth",3,IF(D8="Shadow",4,IF(D8="Light",5,"X")))))) -> 3 | L12: Initial Paste Row | M12: 73 | N12: Initial Paste Row | O12: 32 | X12: 1 | Y12: 14 | Z12: Defenseless
A13: =A5 -> Joe | B13: =Math!B15 -> 25 | C13: =Math!C15 -> 25 | D13: =Math!E24 -> 0 | E13: =Math!F24 -> 0 | L13: Current Paste Row | M13: 73 | N13: Current Paste Row | O13: 32 | X13: 1 | Y13: 5 | Z13: Block | AA13: 12 | AB13: 15
A14: =A6 -> Jake | B14: =Math!B16 -> 25 | C14: =Math!C16 -> 25 | D14: =Math!E25 -> 0 | E14: =Math!F25 -> 0 | I14: =VLOOKUP(J11,'Battle Scenarios'!A:Z,2,FALSE) -> Triple J | X14: 1 | Y14: 6 | Z14: Dodge | AA14: 6
A15: =A7 -> Jim | B15: =Math!B17 -> 25 | C15: =Math!C17 -> 25 | D15: =Math!E26 -> 0 | E15: =Math!F26 -> 0 | Z15: Parry | AA15: 12
A16: =A8 -> Jordan | B16: =Math!B18 -> 25 | C16: =Math!C18 -> 25 | D16: =Math!E27 -> 0 | E16: =Math!F27 -> 0 | X16: 1 | Y16: 5 | Z16: Dodge | AA16: 7
Z17: Block | AA17: 9
A18: ROUND | B18: 1 | Z18: Dodge | AA18: 6
A20: Round Prep Phase | G20: Sorted Round Preparation Phase
A21: Actor | B21: Type | C21: Sub Type | D21: Target | E21: Energy Segments Used | G21: Actor | H21: Type | I21: Target | L21: Check for stance display | O21: Target - Action Against Target
A22: =A3 -> Will | B22: Attack | D22: Jake | G22: =Math!J31 -> Will | H22: =Math!K31 -> 0 | I22: =Math!L31 -> 0 | L22: =IF(C11>0,1,0) -> 1 | M22: =IF(ISBLANK(B22),0,1) -> 1 | N22: =IF(L22=0,1,IF(M22=1,1,0)) -> 1 | O22: =CONCATENATE(I22, " - ",H22) -> 0 - 0 | Q22: =G22 -> Will
A23: =A4 -> Carter | G23: =Math!J32 -> Carter | H23: =Math!K32 -> 0 | I23: =Math!L32 -> 0 | L23: =IF(C12>0,1,0) -> 1 | M23: =IF(ISBLANK(B23),0,1) -> 0 | N23: =IF(L23=0,1,IF(M23=1,1,0)) -> 0 | O23: =CONCATENATE(I23, " - ",H23) -> 0 - 0 | Q23: =G23 -> Carter
A24: =A5 -> Joe | G24: =Math!J33 -> Joe | H24: =Math!K33 -> 0 | I24: =Math!L33 -> 0 | L24: =IF(C13>0,1,0) -> 1 | M24: =IF(ISBLANK(B24),0,1) -> 0 | N24: =IF(L24=0,1,IF(M24=1,1,0)) -> 0 | O24: =CONCATENATE(I24, " - ",H24) -> 0 - 0 | Q24: =G24 -> Joe
A25: =A6 -> Jake | G25: =Math!J34 -> Jake | H25: =Math!K34 -> 0 | I25: =Math!L34 -> 0 | L25: =IF(C14>0,1,0) -> 1 | M25: =IF(ISBLANK(B25),0,1) -> 0 | N25: =IF(L25=0,1,IF(M25=1,1,0)) -> 0 | O25: =CONCATENATE(I25, " - ",H25) -> 0 - 0 | Q25: =G25 -> Jake
A26: =A7 -> Jim | G26: =Math!J35 -> Jim | H26: =Math!K35 -> 0 | I26: =Math!L35 -> 0 | L26: =IF(C15>0,1,0) -> 1 | M26: =IF(ISBLANK(B26),0,1) -> 0 | N26: =IF(L26=0,1,IF(M26=1,1,0)) -> 0 | O26: =CONCATENATE(I26, " - ",H26) -> 0 - 0 | Q26: =G26 -> Jim
A27: =A8 -> Jordan | G27: =Math!J36 -> Jordan | H27: =Math!K36 -> 0 | I27: =Math!L36 -> 0 | L27: =IF(C16>0,1,0) -> 1 | M27: =IF(ISBLANK(B27),0,1) -> 0 | N27: =IF(L27=0,1,IF(M27=1,1,0)) -> 0 | O27: =CONCATENATE(I27, " - ",H27) -> 0 - 0 | Q27: =G27 -> Jordan
N28: =SUM(N22:N27) -> 1 | O28: =I28 -> 0
A29: Round Execution Phase
B30: Phase 1 | F30: Phase 2 | G30: Phase 3 | H30: Phase 4 | J30: Phase 5
A31: Actor | B31: Type | C31: Sub Type | D31: Target | E31: Energy Segments Used | F31: Rank Roll | G31: Blindside Roll | H31: Target Defense Action | I31: Defense Roll | J31: Crushing Blow Roll | K31: Is Coppied | L31: Rank KO Math For Formatting | N31: Blindside Math For Formatting | P31: Crushing Blow Math For Formatting | R31: Defense Result for Formatting
L32: =Math!D40 -> 0 | M32: =Math!E40 | N32: =Math!H40 -> 0 | O32: =Math!I40 | P32: =Math!AF40 -> 0 | Q32: =Math!AG40 | R32: =Math!W40 -> 0 | S32: =Math!X40
L33: =Math!D41 -> 0 | M33: =Math!E41 | N33: =Math!H41 -> 0 | O33: =Math!I41 | P33: =Math!AF41 -> 0 | Q33: =Math!AG41 | R33: =Math!W41 -> 0 | S33: =Math!X41
L34: =Math!D42 -> 0 | M34: =Math!E42 | N34: =Math!H42 -> 0 | O34: =Math!I42 | P34: =Math!AF42 -> 0 | Q34: =Math!AG42 | R34: =Math!W42 -> 0 | S34: =Math!X42
L35: =Math!D43 -> 0 | M35: =Math!E43 | N35: =Math!H43 -> 0 | O35: =Math!I43 | P35: =Math!AF43 -> 0 | Q35: =Math!AG43 | R35: =Math!W43 -> 0 | S35: =Math!X43
L36: =Math!D44 -> 0 | M36: =Math!E44 | N36: =Math!H44 -> 0 | O36: =Math!I44 | P36: =Math!AF44 -> 0 | Q36: =Math!AG44 | R36: =Math!W44 -> 0 | S36: =Math!X44
L37: =Math!D45 -> 0 | M37: =Math!E45 | N37: =Math!H45 -> 0 | O37: =Math!I45 | P37: =Math!AF45 -> 0 | Q37: =Math!AG45 | R37: =Math!W45 -> 0 | S37: =Math!X45
L38: =Math!D46 -> 0 | M38: =Math!E46 | N38: =Math!H46 -> 0 | O38: =Math!I46 | P38: =Math!AF46 -> 0 | Q38: =Math!AG46 | R38: =Math!W46 -> 0 | S38: =Math!X46
L39: =Math!D47 -> 0 | M39: =Math!E47 | N39: =Math!H47 -> 0 | O39: =Math!I47 | P39: =Math!AF47 -> 0 | Q39: =Math!AG47 | R39: =Math!W47 -> 0 | S39: =Math!X47
L40: =Math!D48 -> 0 | M40: =Math!E48 | N40: =Math!H48 -> 0 | O40: =Math!I48 | P40: =Math!AF48 -> 0 | Q40: =Math!AG48 | R40: =Math!W48 -> 0 | S40: =Math!X48
L41: =Math!D49 -> 0 | M41: =Math!E49 | N41: =Math!H49 -> 0 | O41: =Math!I49 | P41: =Math!AF49 -> 0 | Q41: =Math!AG49 | R41: =Math!W49 -> 0 | S41: =Math!X49
L42: =Math!D50 -> 0 | M42: =Math!E50 | N42: =Math!H50 -> 0 | O42: =Math!I50 | P42: =Math!AF50 -> 0 | Q42: =Math!AG50 | R42: =Math!W50 -> 0 | S42: =Math!X50
L43: =Math!D51 -> 0 | M43: =Math!E51 | N43: =Math!H51 -> 0 | O43: =Math!I51 | P43: =Math!AF51 -> 0 | Q43: =Math!AG51 | R43: =Math!W51 -> 0 | S43: =Math!X51
... L46: =Math!D54 -> 0 | M46: =Math!E54 | N46: =Math!H54 -> 0 | O46: =Math!I54 | P46: =Math!AF54 -> 0 | Q46: =Math!AG54 | R46: =Math!W54 -> 0 | S46: =Math!X54
A48: Round Records | L48: Round Prep Copy Data
A49: Round | B49: Actor | C49: Action Type | D49: Action Sub Type | E49: Energy Segments Used | F49: =Math!AD39 -> Actor Energy Segment Gains | G49: Actor Stamina Change | H49: Target | I49: =Math!AA39 -> Target Energy Segment Gains | J49: Target Stamina Change | K49: Reaction Success | L49: Sorted Action Row | M49: Actor | N49: Type | O49: Sub Type | P49: Target | Q49: Energy Segments Used | R49: Is Parried? | S49: Possible Advancement
A50: =$B$18 -> 1 | B50: =A32 -> 0 | C50: =B32 -> 0 | D50: =C32 -> 0 | E50: =E32 -> 0 | F50: =Math!AD40 -> 0 | G50: =Math!AB40 -> 0 | H50: =D32 -> 0 | I50: =Math!AA40 -> 0 | J50: =Math!Y40 -> 0 | K50: =Math!X40 | L50: 1 | M50: =IF(L50="","",IF(ISNUMBER(RIGHT(L50,1)*1),HLOOKUP("*",$G$22:$G$27,L50,FALSE),"d")) -> Will | N50: =IF(L50="","",IF(ISNUMBER(RIGHT(L50,1)*1),VLOOKUP(M50,$A$22:$F$27,2,FALSE),"d")) -> Attack | O50: =IF(L50="","",IF(ISNUMBER(RIGHT(L50,1)*1),VLOOKUP(M50,$A$22:$F$27,3,FALSE),"")) -> 0 | P50: =R67 -> Jake | Q50: =IF(L50="","",IF(ISNUMBER(RIGHT(L50,1)*1),VLOOKUP(M50,$A$22:$F$27,5,FALSE),"")) -> 0 | R50: =IF(AND(H32=$L$4,S32=1),1,0) -> 0 | S50: =IF(L50="","",IF(LEFT(L50,1)+1<=6,IF(VLOOKUP(LEFT(L50,1)+1,$L$67:$N$72,3,FALSE)=0,LEFT(L50,1)+1,IF(LEFT(L50,1)+2<=6,IF(VLOOKUP(LEFT(L50,1)+2,$L$67:$N$72,3,FALSE)=0,LEFT(L50,1)+2,IF(LEFT(L50,1)+3<=6,IF(VLOOKUP(LEFT(L50,1)+3,$L$67:$N$72,3,FALSE)=0,LEFT(L50,1)+3,IF(LEFT(L50,1)+4<=6,IF(VLOOKUP(LEFT(L50,1)+4,$L$67:$N$72,3,FALSE)=0,LEFT(L50,1)+4,IF(LEFT(L50,1)+5<=6,IF(VLOOKUP(LEFT(L50,1)+5,$L$67:$N$72,3,FALSE)=0,LEFT(L50,1)+5,""),"")),"")),"")),"")),"")) -> 2
A51: =$B$18 -> 1 | B51: =A33 -> 0 | C51: =B33 -> 0 | D51: =C33 -> 0 | E51: =E33 -> 0 | F51: =Math!AD41 -> 0 | G51: =Math!AB41 -> 0 | H51: =D33 -> 0 | I51: =Math!AA41 -> 0 | J51: =Math!Y41 -> 0 | K51: =Math!X41 | L51: =IF(L50="","",IF(R50=0,S50,IF(VLOOKUP(P50,$M$67:$N$72,2,FALSE)=1,S50,CONCATENATE(LEFT(L50,1),"c")))) -> 2 | M51: =IF(L51="","",IF(ISNUMBER(RIGHT(L51,1)*1),HLOOKUP("*",$G$22:$G$27,L51,FALSE),P50)) -> Carter | N51: =IF(L51="","",IF(ISNUMBER(RIGHT(L51,1)*1),VLOOKUP(M51,$A$22:$F$27,2,FALSE),"Counter")) -> 0 | O51: =IF(L51="","",IF(ISNUMBER(RIGHT(L51,1)*1),VLOOKUP(M51,$A$22:$F$27,3,FALSE),"")) -> 0 | P51: =R68 -> 0 | Q51: =IF(L51="","",IF(ISNUMBER(RIGHT(L51,1)*1),VLOOKUP(M51,$A$22:$F$27,5,FALSE),"")) -> 0 | R51: =IF(AND(H33=$L$4,S33=1),1,0) -> 0 | S51: =IF(L51="","",IF(LEFT(L51,1)+1<=6,IF(VLOOKUP(LEFT(L51,1)+1,$L$67:$N$72,3,FALSE)=0,LEFT(L51,1)+1,IF(LEFT(L51,1)+2<=6,IF(VLOOKUP(LEFT(L51,1)+2,$L$67:$N$72,3,FALSE)=0,LEFT(L51,1)+2,IF(LEFT(L51,1)+3<=6,IF(VLOOKUP(LEFT(L51,1)+3,$L$67:$N$72,3,FALSE)=0,LEFT(L51,1)+3,IF(LEFT(L51,1)+4<=6,IF(VLOOKUP(LEFT(L51,1)+4,$L$67:$N$72,3,FALSE)=0,LEFT(L51,1)+4,IF(LEFT(L51,1)+5<=6,IF(VLOOKUP(LEFT(L51,1)+5,$L$67:$N$72,3,FALSE)=0,LEFT(L51,1)+5,""),"")),"")),"")),"")),"")) -> 3
A52: =$B$18 -> 1 | B52: =A34 -> 0 | C52: =B34 -> 0 | D52: =C34 -> 0 | E52: =E34 -> 0 | F52: =Math!AD42 -> 0 | G52: =Math!AB42 -> 0 | H52: =D34 -> 0 | I52: =Math!AA42 -> 0 | J52: =Math!Y42 -> 0 | K52: =Math!X42 | L52: =IF(L51="","",IF(R51=0,S51,IF(VLOOKUP(P51,$M$67:$N$72,2,FALSE)=1,S51,CONCATENATE(LEFT(L51,1),"c")))) -> 3 | M52: =IF(L52="","",IF(ISNUMBER(RIGHT(L52,1)*1),HLOOKUP("*",$G$22:$G$27,L52,FALSE),P51)) -> Joe | N52: =IF(L52="","",IF(ISNUMBER(RIGHT(L52,1)*1),VLOOKUP(M52,$A$22:$F$27,2,FALSE),"Counter")) -> 0 | O52: =IF(L52="","",IF(ISNUMBER(RIGHT(L52,1)*1),VLOOKUP(M52,$A$22:$F$27,3,FALSE),"")) -> 0 | P52: =R69 -> 0 | Q52: =IF(L52="","",IF(ISNUMBER(RIGHT(L52,1)*1),VLOOKUP(M52,$A$22:$F$27,5,FALSE),"")) -> 0 | R52: =IF(AND(H34=$L$4,S34=1),1,0) -> 0 | S52: =IF(L52="","",IF(LEFT(L52,1)+1<=6,IF(VLOOKUP(LEFT(L52,1)+1,$L$67:$N$72,3,FALSE)=0,LEFT(L52,1)+1,IF(LEFT(L52,1)+2<=6,IF(VLOOKUP(LEFT(L52,1)+2,$L$67:$N$72,3,FALSE)=0,LEFT(L52,1)+2,IF(LEFT(L52,1)+3<=6,IF(VLOOKUP(LEFT(L52,1)+3,$L$67:$N$72,3,FALSE)=0,LEFT(L52,1)+3,IF(LEFT(L52,1)+4<=6,IF(VLOOKUP(LEFT(L52,1)+4,$L$67:$N$72,3,FALSE)=0,LEFT(L52,1)+4,IF(LEFT(L52,1)+5<=6,IF(VLOOKUP(LEFT(L52,1)+5,$L$67:$N$72,3,FALSE)=0,LEFT(L52,1)+5,""),"")),"")),"")),"")),"")) -> 4
A53: =$B$18 -> 1 | B53: =A35 -> 0 | C53: =B35 -> 0 | D53: =C35 -> 0 | E53: =E35 -> 0 | F53: =Math!AD43 -> 0 | G53: =Math!AB43 -> 0 | H53: =D35 -> 0 | I53: =Math!AA43 -> 0 | J53: =Math!Y43 -> 0 | K53: =Math!X43 | L53: =IF(L52="","",IF(R52=0,S52,IF(VLOOKUP(P52,$M$67:$N$72,2,FALSE)=1,S52,CONCATENATE(LEFT(L52,1),"c")))) -> 4 | M53: =IF(L53="","",IF(ISNUMBER(RIGHT(L53,1)*1),HLOOKUP("*",$G$22:$G$27,L53,FALSE),P52)) -> Jake | N53: =IF(L53="","",IF(ISNUMBER(RIGHT(L53,1)*1),VLOOKUP(M53,$A$22:$F$27,2,FALSE),"Counter")) -> 0 | O53: =IF(L53="","",IF(ISNUMBER(RIGHT(L53,1)*1),VLOOKUP(M53,$A$22:$F$27,3,FALSE),"")) -> 0 | P53: =R70 -> 0 | Q53: =IF(L53="","",IF(ISNUMBER(RIGHT(L53,1)*1),VLOOKUP(M53,$A$22:$F$27,5,FALSE),"")) -> 0 | R53: =IF(AND(H35=$L$4,S35=1),1,0) -> 0 | S53: =IF(L53="","",IF(LEFT(L53,1)+1<=6,IF(VLOOKUP(LEFT(L53,1)+1,$L$67:$N$72,3,FALSE)=0,LEFT(L53,1)+1,IF(LEFT(L53,1)+2<=6,IF(VLOOKUP(LEFT(L53,1)+2,$L$67:$N$72,3,FALSE)=0,LEFT(L53,1)+2,IF(LEFT(L53,1)+3<=6,IF(VLOOKUP(LEFT(L53,1)+3,$L$67:$N$72,3,FALSE)=0,LEFT(L53,1)+3,IF(LEFT(L53,1)+4<=6,IF(VLOOKUP(LEFT(L53,1)+4,$L$67:$N$72,3,FALSE)=0,LEFT(L53,1)+4,IF(LEFT(L53,1)+5<=6,IF(VLOOKUP(LEFT(L53,1)+5,$L$67:$N$72,3,FALSE)=0,LEFT(L53,1)+5,""),"")),"")),"")),"")),"")) -> 5
A54: =$B$18 -> 1 | B54: =A36 -> 0 | C54: =B36 -> 0 | D54: =C36 -> 0 | E54: =E36 -> 0 | F54: =Math!AD44 -> 0 | G54: =Math!AB44 -> 0 | H54: =D36 -> 0 | I54: =Math!AA44 -> 0 | J54: =Math!Y44 -> 0 | K54: =Math!X44 | L54: =IF(L53="","",IF(R53=0,S53,IF(VLOOKUP(P53,$M$67:$N$72,2,FALSE)=1,S53,CONCATENATE(LEFT(L53,1),"c")))) -> 5 | M54: =IF(L54="","",IF(ISNUMBER(RIGHT(L54,1)*1),HLOOKUP("*",$G$22:$G$27,L54,FALSE),P53)) -> Jim | N54: =IF(L54="","",IF(ISNUMBER(RIGHT(L54,1)*1),VLOOKUP(M54,$A$22:$F$27,2,FALSE),"Counter")) -> 0 | O54: =IF(L54="","",IF(ISNUMBER(RIGHT(L54,1)*1),VLOOKUP(M54,$A$22:$F$27,3,FALSE),"")) -> 0 | P54: =R71 -> 0 | Q54: =IF(L54="","",IF(ISNUMBER(RIGHT(L54,1)*1),VLOOKUP(M54,$A$22:$F$27,5,FALSE),"")) -> 0 | R54: =IF(AND(H36=$L$4,S36=1),1,0) -> 0 | S54: =IF(L54="","",IF(LEFT(L54,1)+1<=6,IF(VLOOKUP(LEFT(L54,1)+1,$L$67:$N$72,3,FALSE)=0,LEFT(L54,1)+1,IF(LEFT(L54,1)+2<=6,IF(VLOOKUP(LEFT(L54,1)+2,$L$67:$N$72,3,FALSE)=0,LEFT(L54,1)+2,IF(LEFT(L54,1)+3<=6,IF(VLOOKUP(LEFT(L54,1)+3,$L$67:$N$72,3,FALSE)=0,LEFT(L54,1)+3,IF(LEFT(L54,1)+4<=6,IF(VLOOKUP(LEFT(L54,1)+4,$L$67:$N$72,3,FALSE)=0,LEFT(L54,1)+4,IF(LEFT(L54,1)+5<=6,IF(VLOOKUP(LEFT(L54,1)+5,$L$67:$N$72,3,FALSE)=0,LEFT(L54,1)+5,""),"")),"")),"")),"")),"")) -> 6
A55: =$B$18 -> 1 | B55: =A37 -> 0 | C55: =B37 -> 0 | D55: =C37 -> 0 | E55: =E37 -> 0 | F55: =Math!AD45 -> 0 | G55: =Math!AB45 -> 0 | H55: =D37 -> 0 | I55: =Math!AA45 -> 0 | J55: =Math!Y45 -> 0 | K55: =Math!X45 | L55: =IF(L54="","",IF(R54=0,S54,IF(VLOOKUP(P54,$M$67:$N$72,2,FALSE)=1,S54,CONCATENATE(LEFT(L54,1),"c")))) -> 6 | M55: =IF(L55="","",IF(ISNUMBER(RIGHT(L55,1)*1),HLOOKUP("*",$G$22:$G$27,L55,FALSE),P54)) -> Jordan | N55: =IF(L55="","",IF(ISNUMBER(RIGHT(L55,1)*1),VLOOKUP(M55,$A$22:$F$27,2,FALSE),"Counter")) -> 0 | O55: =IF(L55="","",IF(ISNUMBER(RIGHT(L55,1)*1),VLOOKUP(M55,$A$22:$F$27,3,FALSE),"")) -> 0 | P55: =R72 -> 0 | Q55: =IF(L55="","",IF(ISNUMBER(RIGHT(L55,1)*1),VLOOKUP(M55,$A$22:$F$27,5,FALSE),"")) -> 0 | R55: =IF(AND(H37=$L$4,S37=1),1,0) -> 0 | S55: =IF(L55="","",IF(LEFT(L55,1)+1<=6,IF(VLOOKUP(LEFT(L55,1)+1,$L$67:$N$72,3,FALSE)=0,LEFT(L55,1)+1,IF(LEFT(L55,1)+2<=6,IF(VLOOKUP(LEFT(L55,1)+2,$L$67:$N$72,3,FALSE)=0,LEFT(L55,1)+2,IF(LEFT(L55,1)+3<=6,IF(VLOOKUP(LEFT(L55,1)+3,$L$67:$N$72,3,FALSE)=0,LEFT(L55,1)+3,IF(LEFT(L55,1)+4<=6,IF(VLOOKUP(LEFT(L55,1)+4,$L$67:$N$72,3,FALSE)=0,LEFT(L55,1)+4,IF(LEFT(L55,1)+5<=6,IF(VLOOKUP(LEFT(L55,1)+5,$L$67:$N$72,3,FALSE)=0,LEFT(L55,1)+5,""),"")),"")),"")),"")),""))
A56: =$B$18 -> 1 | B56: =A38 -> 0 | C56: =B38 -> 0 | D56: =C38 -> 0 | E56: =E38 -> 0 | F56: =Math!AD46 -> 0 | G56: =Math!AB46 -> 0 | H56: =D38 -> 0 | I56: =Math!AA46 -> 0 | J56: =Math!Y46 -> 0 | K56: =Math!X46 | L56: =IF(L55="","",IF(R55=0,S55,IF(VLOOKUP(P55,$M$67:$N$72,2,FALSE)=1,S55,CONCATENATE(LEFT(L55,1),"c")))) | M56: =IF(L56="","",IF(ISNUMBER(RIGHT(L56,1)*1),HLOOKUP("*",$G$22:$G$27,L56,FALSE),P55)) | N56: =IF(L56="","",IF(ISNUMBER(RIGHT(L56,1)*1),VLOOKUP(M56,$A$22:$F$27,2,FALSE),"Counter")) | O56: =IF(L56="","",IF(ISNUMBER(RIGHT(L56,1)*1),VLOOKUP(M56,$A$22:$F$27,3,FALSE),"")) | P56: =R73 | Q56: =IF(L56="","",IF(ISNUMBER(RIGHT(L56,1)*1),VLOOKUP(M56,$A$22:$F$27,5,FALSE),"")) | R56: =IF(AND(H38=$L$4,S38=1),1,0) -> 0 | S56: =IF(L56="","",IF(LEFT(L56,1)+1<=6,IF(VLOOKUP(LEFT(L56,1)+1,$L$67:$N$72,3,FALSE)=0,LEFT(L56,1)+1,IF(LEFT(L56,1)+2<=6,IF(VLOOKUP(LEFT(L56,1)+2,$L$67:$N$72,3,FALSE)=0,LEFT(L56,1)+2,IF(LEFT(L56,1)+3<=6,IF(VLOOKUP(LEFT(L56,1)+3,$L$67:$N$72,3,FALSE)=0,LEFT(L56,1)+3,IF(LEFT(L56,1)+4<=6,IF(VLOOKUP(LEFT(L56,1)+4,$L$67:$N$72,3,FALSE)=0,LEFT(L56,1)+4,IF(LEFT(L56,1)+5<=6,IF(VLOOKUP(LEFT(L56,1)+5,$L$67:$N$72,3,FALSE)=0,LEFT(L56,1)+5,""),"")),"")),"")),"")),""))
A57: =$B$18 -> 1 | B57: =A39 -> 0 | C57: =B39 -> 0 | D57: =C39 -> 0 | E57: =E39 -> 0 | F57: =Math!AD47 -> 0 | G57: =Math!AB47 -> 0 | H57: =D39 -> 0 | I57: =Math!AA47 -> 0 | J57: =Math!Y47 -> 0 | K57: =Math!X47 | L57: =IF(L56="","",IF(R56=0,S56,IF(VLOOKUP(P56,$M$67:$N$72,2,FALSE)=1,S56,CONCATENATE(LEFT(L56,1),"c")))) | M57: =IF(L57="","",IF(ISNUMBER(RIGHT(L57,1)*1),HLOOKUP("*",$G$22:$G$27,L57,FALSE),P56)) | N57: =IF(L57="","",IF(ISNUMBER(RIGHT(L57,1)*1),VLOOKUP(M57,$A$22:$F$27,2,FALSE),"Counter")) | O57: =IF(L57="","",IF(ISNUMBER(RIGHT(L57,1)*1),VLOOKUP(M57,$A$22:$F$27,3,FALSE),"")) | P57: =R74 | Q57: =IF(L57="","",IF(ISNUMBER(RIGHT(L57,1)*1),VLOOKUP(M57,$A$22:$F$27,5,FALSE),"")) | R57: =IF(AND(H39=$L$4,S39=1),1,0) -> 0 | S57: =IF(L57="","",IF(LEFT(L57,1)+1<=6,IF(VLOOKUP(LEFT(L57,1)+1,$L$67:$N$72,3,FALSE)=0,LEFT(L57,1)+1,IF(LEFT(L57,1)+2<=6,IF(VLOOKUP(LEFT(L57,1)+2,$L$67:$N$72,3,FALSE)=0,LEFT(L57,1)+2,IF(LEFT(L57,1)+3<=6,IF(VLOOKUP(LEFT(L57,1)+3,$L$67:$N$72,3,FALSE)=0,LEFT(L57,1)+3,IF(LEFT(L57,1)+4<=6,IF(VLOOKUP(LEFT(L57,1)+4,$L$67:$N$72,3,FALSE)=0,LEFT(L57,1)+4,IF(LEFT(L57,1)+5<=6,IF(VLOOKUP(LEFT(L57,1)+5,$L$67:$N$72,3,FALSE)=0,LEFT(L57,1)+5,""),"")),"")),"")),"")),""))
A58: =$B$18 -> 1 | B58: =A40 -> 0 | C58: =B40 -> 0 | D58: =C40 -> 0 | E58: =E40 -> 0 | F58: =Math!AD48 -> 0 | G58: =Math!AB48 -> 0 | H58: =D40 -> 0 | I58: =Math!AA48 -> 0 | J58: =Math!Y48 -> 0 | K58: =Math!X48 | L58: =IF(L57="","",IF(R57=0,S57,IF(VLOOKUP(P57,$M$67:$N$72,2,FALSE)=1,S57,CONCATENATE(LEFT(L57,1),"c")))) | M58: =IF(L58="","",IF(ISNUMBER(RIGHT(L58,1)*1),HLOOKUP("*",$G$22:$G$27,L58,FALSE),P57)) | N58: =IF(L58="","",IF(ISNUMBER(RIGHT(L58,1)*1),VLOOKUP(M58,$A$22:$F$27,2,FALSE),"Counter")) | O58: =IF(L58="","",IF(ISNUMBER(RIGHT(L58,1)*1),VLOOKUP(M58,$A$22:$F$27,3,FALSE),"")) | P58: =R75 | Q58: =IF(L58="","",IF(ISNUMBER(RIGHT(L58,1)*1),VLOOKUP(M58,$A$22:$F$27,5,FALSE),"")) | R58: =IF(AND(H40=$L$4,S40=1),1,0) -> 0 | S58: =IF(L58="","",IF(LEFT(L58,1)+1<=6,IF(VLOOKUP(LEFT(L58,1)+1,$L$67:$N$72,3,FALSE)=0,LEFT(L58,1)+1,IF(LEFT(L58,1)+2<=6,IF(VLOOKUP(LEFT(L58,1)+2,$L$67:$N$72,3,FALSE)=0,LEFT(L58,1)+2,IF(LEFT(L58,1)+3<=6,IF(VLOOKUP(LEFT(L58,1)+3,$L$67:$N$72,3,FALSE)=0,LEFT(L58,1)+3,IF(LEFT(L58,1)+4<=6,IF(VLOOKUP(LEFT(L58,1)+4,$L$67:$N$72,3,FALSE)=0,LEFT(L58,1)+4,IF(LEFT(L58,1)+5<=6,IF(VLOOKUP(LEFT(L58,1)+5,$L$67:$N$72,3,FALSE)=0,LEFT(L58,1)+5,""),"")),"")),"")),"")),""))
A59: =$B$18 -> 1 | B59: =A41 -> 0 | C59: =B41 -> 0 | D59: =C41 -> 0 | E59: =E41 -> 0 | F59: =Math!AD49 -> 0 | G59: =Math!AB49 -> 0 | H59: =D41 -> 0 | I59: =Math!AA49 -> 0 | J59: =Math!Y49 -> 0 | K59: =Math!X49 | L59: =IF(L58="","",IF(R58=0,S58,IF(VLOOKUP(P58,$M$67:$N$72,2,FALSE)=1,S58,CONCATENATE(LEFT(L58,1),"c")))) | M59: =IF(L59="","",IF(ISNUMBER(RIGHT(L59,1)*1),HLOOKUP("*",$G$22:$G$27,L59,FALSE),P58)) | N59: =IF(L59="","",IF(ISNUMBER(RIGHT(L59,1)*1),VLOOKUP(M59,$A$22:$F$27,2,FALSE),"Counter")) | O59: =IF(L59="","",IF(ISNUMBER(RIGHT(L59,1)*1),VLOOKUP(M59,$A$22:$F$27,3,FALSE),"")) | P59: =R76 | Q59: =IF(L59="","",IF(ISNUMBER(RIGHT(L59,1)*1),VLOOKUP(M59,$A$22:$F$27,5,FALSE),"")) | R59: =IF(AND(H41=$L$4,S41=1),1,0) -> 0 | S59: =IF(L59="","",IF(LEFT(L59,1)+1<=6,IF(VLOOKUP(LEFT(L59,1)+1,$L$67:$N$72,3,FALSE)=0,LEFT(L59,1)+1,IF(LEFT(L59,1)+2<=6,IF(VLOOKUP(LEFT(L59,1)+2,$L$67:$N$72,3,FALSE)=0,LEFT(L59,1)+2,IF(LEFT(L59,1)+3<=6,IF(VLOOKUP(LEFT(L59,1)+3,$L$67:$N$72,3,FALSE)=0,LEFT(L59,1)+3,IF(LEFT(L59,1)+4<=6,IF(VLOOKUP(LEFT(L59,1)+4,$L$67:$N$72,3,FALSE)=0,LEFT(L59,1)+4,IF(LEFT(L59,1)+5<=6,IF(VLOOKUP(LEFT(L59,1)+5,$L$67:$N$72,3,FALSE)=0,LEFT(L59,1)+5,""),"")),"")),"")),"")),""))
A60: =$B$18 -> 1 | B60: =A42 -> 0 | C60: =B42 -> 0 | D60: =C42 -> 0 | E60: =E42 -> 0 | F60: =Math!AD50 -> 0 | G60: =Math!AB50 -> 0 | H60: =D42 -> 0 | I60: =Math!AA50 -> 0 | J60: =Math!Y50 -> 0 | K60: =Math!X50 | L60: =IF(L59="","",IF(R59=0,S59,IF(VLOOKUP(P59,$M$67:$N$72,2,FALSE)=1,S59,CONCATENATE(LEFT(L59,1),"c")))) | M60: =IF(L60="","",IF(ISNUMBER(RIGHT(L60,1)*1),HLOOKUP("*",$G$22:$G$27,L60,FALSE),P59)) | N60: =IF(L60="","",IF(ISNUMBER(RIGHT(L60,1)*1),VLOOKUP(M60,$A$22:$F$27,2,FALSE),"Counter")) | O60: =IF(L60="","",IF(ISNUMBER(RIGHT(L60,1)*1),VLOOKUP(M60,$A$22:$F$27,3,FALSE),"")) | P60: =R77 | Q60: =IF(L60="","",IF(ISNUMBER(RIGHT(L60,1)*1),VLOOKUP(M60,$A$22:$F$27,5,FALSE),"")) | R60: =IF(AND(H42=$L$4,S42=1),1,0) -> 0 | S60: =IF(L60="","",IF(LEFT(L60,1)+1<=6,IF(VLOOKUP(LEFT(L60,1)+1,$L$67:$N$72,3,FALSE)=0,LEFT(L60,1)+1,IF(LEFT(L60,1)+2<=6,IF(VLOOKUP(LEFT(L60,1)+2,$L$67:$N$72,3,FALSE)=0,LEFT(L60,1)+2,IF(LEFT(L60,1)+3<=6,IF(VLOOKUP(LEFT(L60,1)+3,$L$67:$N$72,3,FALSE)=0,LEFT(L60,1)+3,IF(LEFT(L60,1)+4<=6,IF(VLOOKUP(LEFT(L60,1)+4,$L$67:$N$72,3,FALSE)=0,LEFT(L60,1)+4,IF(LEFT(L60,1)+5<=6,IF(VLOOKUP(LEFT(L60,1)+5,$L$67:$N$72,3,FALSE)=0,LEFT(L60,1)+5,""),"")),"")),"")),"")),""))
A61: =$B$18 -> 1 | B61: =A43 -> 0 | C61: =B43 -> 0 | D61: =C43 -> 0 | E61: =E43 -> 0 | F61: =Math!AD51 -> 0 | G61: =Math!AB51 -> 0 | H61: =D43 -> 0 | I61: =Math!AA51 -> 0 | J61: =Math!Y51 -> 0 | K61: =Math!X51 | L61: =IF(L60="","",IF(R60=0,S60,IF(VLOOKUP(P60,$M$67:$N$72,2,FALSE)=1,S60,CONCATENATE(LEFT(L60,1),"c")))) | M61: =IF(L61="","",IF(ISNUMBER(RIGHT(L61,1)*1),HLOOKUP("*",$G$22:$G$27,L61,FALSE),P60)) | N61: =IF(L61="","",IF(ISNUMBER(RIGHT(L61,1)*1),VLOOKUP(M61,$A$22:$F$27,2,FALSE),"Counter")) | O61: =IF(L61="","",IF(ISNUMBER(RIGHT(L61,1)*1),VLOOKUP(M61,$A$22:$F$27,3,FALSE),"")) | P61: =R78 | Q61: =IF(L61="","",IF(ISNUMBER(RIGHT(L61,1)*1),VLOOKUP(M61,$A$22:$F$27,5,FALSE),"")) | R61: =IF(AND(H43=$L$4,S43=1),1,0) -> 0 | S61: =IF(L61="","",IF(LEFT(L61,1)+1<=6,IF(VLOOKUP(LEFT(L61,1)+1,$L$67:$N$72,3,FALSE)=0,LEFT(L61,1)+1,IF(LEFT(L61,1)+2<=6,IF(VLOOKUP(LEFT(L61,1)+2,$L$67:$N$72,3,FALSE)=0,LEFT(L61,1)+2,IF(LEFT(L61,1)+3<=6,IF(VLOOKUP(LEFT(L61,1)+3,$L$67:$N$72,3,FALSE)=0,LEFT(L61,1)+3,IF(LEFT(L61,1)+4<=6,IF(VLOOKUP(LEFT(L61,1)+4,$L$67:$N$72,3,FALSE)=0,LEFT(L61,1)+4,IF(LEFT(L61,1)+5<=6,IF(VLOOKUP(LEFT(L61,1)+5,$L$67:$N$72,3,FALSE)=0,LEFT(L61,1)+5,""),"")),"")),"")),"")),""))
A62: =$B$18 -> 1 | B62: =A44 -> 0 | C62: =B44 -> 0 | D62: =C44 -> 0 | E62: =E44 -> 0 | F62: =Math!AD52 -> 0 | G62: =Math!AB52 -> 0 | H62: =D44 -> 0 | I62: =Math!AA52 -> 0 | J62: =Math!Y52 -> 0 | K62: =Math!X52 | L62: =IF(L61="","",IF(R61=0,S61,IF(VLOOKUP(P61,$M$67:$N$72,2,FALSE)=1,S61,CONCATENATE(LEFT(L61,1),"c")))) | M62: =IF(L62="","",IF(ISNUMBER(RIGHT(L62,1)*1),HLOOKUP("*",$G$22:$G$27,L62,FALSE),P61)) | N62: =IF(L62="","",IF(ISNUMBER(RIGHT(L62,1)*1),VLOOKUP(M62,$A$22:$F$27,2,FALSE),"Counter")) | O62: =IF(L62="","",IF(ISNUMBER(RIGHT(L62,1)*1),VLOOKUP(M62,$A$22:$F$27,3,FALSE),"")) | P62: =R79 | Q62: =IF(L62="","",IF(ISNUMBER(RIGHT(L62,1)*1),VLOOKUP(M62,$A$22:$F$27,5,FALSE),"")) | R62: =IF(AND(H44=$L$4,S44=1),1,0) -> 0 | S62: =IF(L62="","",IF(LEFT(L62,1)+1<=6,IF(VLOOKUP(LEFT(L62,1)+1,$L$67:$N$72,3,FALSE)=0,LEFT(L62,1)+1,IF(LEFT(L62,1)+2<=6,IF(VLOOKUP(LEFT(L62,1)+2,$L$67:$N$72,3,FALSE)=0,LEFT(L62,1)+2,IF(LEFT(L62,1)+3<=6,IF(VLOOKUP(LEFT(L62,1)+3,$L$67:$N$72,3,FALSE)=0,LEFT(L62,1)+3,IF(LEFT(L62,1)+4<=6,IF(VLOOKUP(LEFT(L62,1)+4,$L$67:$N$72,3,FALSE)=0,LEFT(L62,1)+4,IF(LEFT(L62,1)+5<=6,IF(VLOOKUP(LEFT(L62,1)+5,$L$67:$N$72,3,FALSE)=0,LEFT(L62,1)+5,""),"")),"")),"")),"")),""))
... A64: =$B$18 -> 1 | B64: =A46 -> 0 | C64: =B46 -> 0 | D64: =C46 -> 0 | E64: =E46 -> 0 | F64: =Math!AD54 -> 0 | G64: =Math!AB54 -> 0 | H64: =D46 -> 0 | I64: =Math!AA54 -> 0 | J64: =Math!Y54 -> 0 | K64: =Math!X54 | L64: =IF(L63="","",IF(R63=0,S63,IF(VLOOKUP(P63,$M$67:$N$72,2,FALSE)=1,S63,CONCATENATE(LEFT(L63,1),"c")))) | M64: =IF(L64="","",IF(ISNUMBER(RIGHT(L64,1)*1),HLOOKUP("*",$G$22:$G$27,L64,FALSE),P63)) | N64: =IF(L64="","",IF(ISNUMBER(RIGHT(L64,1)*1),VLOOKUP(M64,$A$22:$F$27,2,FALSE),"Counter")) | O64: =IF(L64="","",IF(ISNUMBER(RIGHT(L64,1)*1),VLOOKUP(M64,$A$22:$F$27,3,FALSE),"")) | P64: =R81 | Q64: =IF(L64="","",IF(ISNUMBER(RIGHT(L64,1)*1),VLOOKUP(M64,$A$22:$F$27,5,FALSE),"")) | R64: =IF(AND(H46=$L$4,S46=1),1,0) -> 0 | S64: =IF(L64="","",IF(LEFT(L64,1)+1<=6,IF(VLOOKUP(LEFT(L64,1)+1,$L$67:$N$72,3,FALSE)=0,LEFT(L64,1)+1,IF(LEFT(L64,1)+2<=6,IF(VLOOKUP(LEFT(L64,1)+2,$L$67:$N$72,3,FALSE)=0,LEFT(L64,1)+2,IF(LEFT(L64,1)+3<=6,IF(VLOOKUP(LEFT(L64,1)+3,$L$67:$N$72,3,FALSE)=0,LEFT(L64,1)+3,IF(LEFT(L64,1)+4<=6,IF(VLOOKUP(LEFT(L64,1)+4,$L$67:$N$72,3,FALSE)=0,LEFT(L64,1)+4,IF(LEFT(L64,1)+5<=6,IF(VLOOKUP(LEFT(L64,1)+5,$L$67:$N$72,3,FALSE)=0,LEFT(L64,1)+5,""),"")),"")),"")),"")),""))
A65: Combat Records | L65: Stamnia Check | P65: Targeting | U65: Round Records
A66: Round | B66: Actor | C66: Action Type | D66: Action Sub Type | E66: Energy Segments Used | F66: Actor Energy Segment Gains | G66: Actor Stamina Change | H66: Target | I66: Target Energy Segment Gains | J66: Target Stamina Change | L66: Row | M66: Actor | N66: IS actor KOd | P66: Target | Q66: Defender | R66: True Target | U66: Actor Path | V66: Target Path
L67: 1 | M67: =IF(L67="","",IF(ISNUMBER(RIGHT(L67,1)*1),HLOOKUP("*",$G$22:$G$27,L67,FALSE),P49)) -> Will | N67: =IF(VLOOKUP(M67,$A$11:$C$16,3,FALSE)<=0,1,0) -> 0 | P67: =IF(L50="","",IF(ISNUMBER(RIGHT(L50,1)*1),VLOOKUP(M50,$A$22:$F$27,4,FALSE),M49)) -> Jake | Q67: =IF(ISERROR(VLOOKUP(CONCATENATE(P67," - Defend"),$O$22:$Q$26,3,FALSE)),"",IF(VLOOKUP(VLOOKUP(CONCATENATE(P67," - Defend"),$O$22:$Q$26,3,FALSE),$M$67:$N$72,2,FALSE)=1,"",VLOOKUP(CONCATENATE(P67," - Defend"),$O$22:$Q$26,3,FALSE))) | R67: =IF(N50="Defend",P67,IF(Q67="",P67,Q67)) -> Jake
L68: 2 | M68: =IF(L68="","",IF(ISNUMBER(RIGHT(L68,1)*1),HLOOKUP("*",$G$22:$G$27,L68,FALSE),P50)) -> Carter | N68: =IF(VLOOKUP(M68,$A$11:$C$16,3,FALSE)<=0,1,0) -> 0 | P68: =IF(L51="","",IF(ISNUMBER(RIGHT(L51,1)*1),VLOOKUP(M51,$A$22:$F$27,4,FALSE),M50)) -> 0 | Q68: =IF(ISERROR(VLOOKUP(CONCATENATE(P68," - Defend"),$O$22:$Q$26,3,FALSE)),"",IF(VLOOKUP(VLOOKUP(CONCATENATE(P68," - Defend"),$O$22:$Q$26,3,FALSE),$M$67:$N$72,2,FALSE)=1,"",VLOOKUP(CONCATENATE(P68," - Defend"),$O$22:$Q$26,3,FALSE))) | R68: =IF(N51="Defend",P68,IF(Q68="",P68,Q68)) -> 0
L69: 3 | M69: =IF(L69="","",IF(ISNUMBER(RIGHT(L69,1)*1),HLOOKUP("*",$G$22:$G$27,L69,FALSE),P51)) -> Joe | N69: =IF(VLOOKUP(M69,$A$11:$C$16,3,FALSE)<=0,1,0) -> 0 | P69: =IF(L52="","",IF(ISNUMBER(RIGHT(L52,1)*1),VLOOKUP(M52,$A$22:$F$27,4,FALSE),M51)) -> 0 | Q69: =IF(ISERROR(VLOOKUP(CONCATENATE(P69," - Defend"),$O$22:$Q$26,3,FALSE)),"",IF(VLOOKUP(VLOOKUP(CONCATENATE(P69," - Defend"),$O$22:$Q$26,3,FALSE),$M$67:$N$72,2,FALSE)=1,"",VLOOKUP(CONCATENATE(P69," - Defend"),$O$22:$Q$26,3,FALSE))) | R69: =IF(N52="Defend",P69,IF(Q69="",P69,Q69)) -> 0
L70: 4 | M70: =IF(L70="","",IF(ISNUMBER(RIGHT(L70,1)*1),HLOOKUP("*",$G$22:$G$27,L70,FALSE),P52)) -> Jake | N70: =IF(VLOOKUP(M70,$A$11:$C$16,3,FALSE)<=0,1,0) -> 0 | P70: =IF(L53="","",IF(ISNUMBER(RIGHT(L53,1)*1),VLOOKUP(M53,$A$22:$F$27,4,FALSE),M52)) -> 0 | Q70: =IF(ISERROR(VLOOKUP(CONCATENATE(P70," - Defend"),$O$22:$Q$26,3,FALSE)),"",IF(VLOOKUP(VLOOKUP(CONCATENATE(P70," - Defend"),$O$22:$Q$26,3,FALSE),$M$67:$N$72,2,FALSE)=1,"",VLOOKUP(CONCATENATE(P70," - Defend"),$O$22:$Q$26,3,FALSE))) | R70: =IF(N53="Defend",P70,IF(Q70="",P70,Q70)) -> 0
L71: 5 | M71: =IF(L71="","",IF(ISNUMBER(RIGHT(L71,1)*1),HLOOKUP("*",$G$22:$G$27,L71,FALSE),P53)) -> Jim | N71: =IF(VLOOKUP(M71,$A$11:$C$16,3,FALSE)<=0,1,0) -> 0 | P71: =IF(L54="","",IF(ISNUMBER(RIGHT(L54,1)*1),VLOOKUP(M54,$A$22:$F$27,4,FALSE),M53)) -> 0 | Q71: =IF(ISERROR(VLOOKUP(CONCATENATE(P71," - Defend"),$O$22:$Q$26,3,FALSE)),"",IF(VLOOKUP(VLOOKUP(CONCATENATE(P71," - Defend"),$O$22:$Q$26,3,FALSE),$M$67:$N$72,2,FALSE)=1,"",VLOOKUP(CONCATENATE(P71," - Defend"),$O$22:$Q$26,3,FALSE))) | R71: =IF(N54="Defend",P71,IF(Q71="",P71,Q71)) -> 0
L72: 6 | M72: =IF(L72="","",IF(ISNUMBER(RIGHT(L72,1)*1),HLOOKUP("*",$G$22:$G$27,L72,FALSE),P54)) -> Jordan | N72: =IF(VLOOKUP(M72,$A$11:$C$16,3,FALSE)<=0,1,0) -> 0 | P72: =IF(L55="","",IF(ISNUMBER(RIGHT(L55,1)*1),VLOOKUP(M55,$A$22:$F$27,4,FALSE),M54)) -> 0 | Q72: =IF(ISERROR(VLOOKUP(CONCATENATE(P72," - Defend"),$O$22:$Q$26,3,FALSE)),"",IF(VLOOKUP(VLOOKUP(CONCATENATE(P72," - Defend"),$O$22:$Q$26,3,FALSE),$M$67:$N$72,2,FALSE)=1,"",VLOOKUP(CONCATENATE(P72," - Defend"),$O$22:$Q$26,3,FALSE))) | R72: =IF(N55="Defend",P72,IF(Q72="",P72,Q72)) -> 0
P73: =IF(L56="","",IF(ISNUMBER(RIGHT(L56,1)*1),VLOOKUP(M56,$A$22:$F$27,4,FALSE),M55)) | Q73: =IF(ISERROR(VLOOKUP(CONCATENATE(P73," - Defend"),$O$22:$Q$26,3,FALSE)),"",IF(VLOOKUP(VLOOKUP(CONCATENATE(P73," - Defend"),$O$22:$Q$26,3,FALSE),$M$67:$N$72,2,FALSE)=1,"",VLOOKUP(CONCATENATE(P73," - Defend"),$O$22:$Q$26,3,FALSE))) | R73: =IF(N56="Defend",P73,IF(Q73="",P73,Q73))
P74: =IF(L57="","",IF(ISNUMBER(RIGHT(L57,1)*1),VLOOKUP(M57,$A$22:$F$27,4,FALSE),M56)) | Q74: =IF(ISERROR(VLOOKUP(CONCATENATE(P74," - Defend"),$O$22:$Q$26,3,FALSE)),"",IF(VLOOKUP(VLOOKUP(CONCATENATE(P74," - Defend"),$O$22:$Q$26,3,FALSE),$M$67:$N$72,2,FALSE)=1,"",VLOOKUP(CONCATENATE(P74," - Defend"),$O$22:$Q$26,3,FALSE))) | R74: =IF(N57="Defend",P74,IF(Q74="",P74,Q74))
P75: =IF(L58="","",IF(ISNUMBER(RIGHT(L58,1)*1),VLOOKUP(M58,$A$22:$F$27,4,FALSE),M57)) | Q75: =IF(ISERROR(VLOOKUP(CONCATENATE(P75," - Defend"),$O$22:$Q$26,3,FALSE)),"",IF(VLOOKUP(VLOOKUP(CONCATENATE(P75," - Defend"),$O$22:$Q$26,3,FALSE),$M$67:$N$72,2,FALSE)=1,"",VLOOKUP(CONCATENATE(P75," - Defend"),$O$22:$Q$26,3,FALSE))) | R75: =IF(N58="Defend",P75,IF(Q75="",P75,Q75))
P76: =IF(L59="","",IF(ISNUMBER(RIGHT(L59,1)*1),VLOOKUP(M59,$A$22:$F$27,4,FALSE),M58)) | Q76: =IF(ISERROR(VLOOKUP(CONCATENATE(P76," - Defend"),$O$22:$Q$26,3,FALSE)),"",IF(VLOOKUP(VLOOKUP(CONCATENATE(P76," - Defend"),$O$22:$Q$26,3,FALSE),$M$67:$N$72,2,FALSE)=1,"",VLOOKUP(CONCATENATE(P76," - Defend"),$O$22:$Q$26,3,FALSE))) | R76: =IF(N59="Defend",P76,IF(Q76="",P76,Q76))
P77: =IF(L60="","",IF(ISNUMBER(RIGHT(L60,1)*1),VLOOKUP(M60,$A$22:$F$27,4,FALSE),M59)) | Q77: =IF(ISERROR(VLOOKUP(CONCATENATE(P77," - Defend"),$O$22:$Q$26,3,FALSE)),"",IF(VLOOKUP(VLOOKUP(CONCATENATE(P77," - Defend"),$O$22:$Q$26,3,FALSE),$M$67:$N$72,2,FALSE)=1,"",VLOOKUP(CONCATENATE(P77," - Defend"),$O$22:$Q$26,3,FALSE))) | R77: =IF(N60="Defend",P77,IF(Q77="",P77,Q77))
P78: =IF(L61="","",IF(ISNUMBER(RIGHT(L61,1)*1),VLOOKUP(M61,$A$22:$F$27,4,FALSE),M60)) | Q78: =IF(ISERROR(VLOOKUP(CONCATENATE(P78," - Defend"),$O$22:$Q$26,3,FALSE)),"",IF(VLOOKUP(VLOOKUP(CONCATENATE(P78," - Defend"),$O$22:$Q$26,3,FALSE),$M$67:$N$72,2,FALSE)=1,"",VLOOKUP(CONCATENATE(P78," - Defend"),$O$22:$Q$26,3,FALSE))) | R78: =IF(N61="Defend",P78,IF(Q78="",P78,Q78))
P79: =IF(L62="","",IF(ISNUMBER(RIGHT(L62,1)*1),VLOOKUP(M62,$A$22:$F$27,4,FALSE),M61)) | Q79: =IF(ISERROR(VLOOKUP(CONCATENATE(P79," - Defend"),$O$22:$Q$26,3,FALSE)),"",IF(VLOOKUP(VLOOKUP(CONCATENATE(P79," - Defend"),$O$22:$Q$26,3,FALSE),$M$67:$N$72,2,FALSE)=1,"",VLOOKUP(CONCATENATE(P79," - Defend"),$O$22:$Q$26,3,FALSE))) | R79: =IF(N62="Defend",P79,IF(Q79="",P79,Q79))
P80: =IF(L63="","",IF(ISNUMBER(RIGHT(L63,1)*1),VLOOKUP(M63,$A$22:$F$27,4,FALSE),M62)) | Q80: =IF(ISERROR(VLOOKUP(CONCATENATE(P80," - Defend"),$O$22:$Q$26,3,FALSE)),"",IF(VLOOKUP(VLOOKUP(CONCATENATE(P80," - Defend"),$O$22:$Q$26,3,FALSE),$M$67:$N$72,2,FALSE)=1,"",VLOOKUP(CONCATENATE(P80," - Defend"),$O$22:$Q$26,3,FALSE))) | R80: =IF(N63="Defend",P80,IF(Q80="",P80,Q80))
P81: =IF(L64="","",IF(ISNUMBER(RIGHT(L64,1)*1),VLOOKUP(M64,$A$22:$F$27,4,FALSE),M63)) | Q81: =IF(ISERROR(VLOOKUP(CONCATENATE(P81," - Defend"),$O$22:$Q$26,3,FALSE)),"",IF(VLOOKUP(VLOOKUP(CONCATENATE(P81," - Defend"),$O$22:$Q$26,3,FALSE),$M$67:$N$72,2,FALSE)=1,"",VLOOKUP(CONCATENATE(P81," - Defend"),$O$22:$Q$26,3,FALSE))) | R81: =IF(N64="Defend",P81,IF(Q81="",P81,Q81))
K90: Initial Combat Energy Records
K91: Round | L91: Actor | P91: Actor Energy Segment Gains
K92: 0 | L92: =A3 -> Will | P92: =VLOOKUP(L92,Math!$A$22:$N$27,14,FALSE) -> 0
K93: 0 | L93: =A4 -> Carter | P93: =VLOOKUP(L93,Math!$A$22:$N$27,14,FALSE) -> 0
K94: 0 | L94: =A5 -> Joe | P94: =VLOOKUP(L94,Math!$A$22:$N$27,14,FALSE) -> 0
K95: 0 | L95: =A6 -> Jake | P95: =VLOOKUP(L95,Math!$A$22:$N$27,14,FALSE) -> 0
K96: 0 | L96: =A7 -> Jim | P96: =VLOOKUP(L96,Math!$A$22:$N$27,14,FALSE) -> 0
K97: 0 | L97: =A8 -> Jordan | P97: =VLOOKUP(L97,Math!$A$22:$N$27,14,FALSE) -> 0

Sheet Rank Progression
A1: Echelon | B1: Degree | C1: Degree Rank | D1: # | E1: Total CTP | K1: Degree Delta | L1: XP Gained | P1: Rank | Q1: Degree | U1: Degree Delta | V1: XP Gained | W1: Database Code
A2: Stone | B2: 1st | C2: =CONCATENATE(B2," Degree ",A2) -> 1st Degree Stone | D2: 1 | E2: 0 | F2: =E2 -> 0 | G2: First | H2: =CONCATENATE("rankDatabase.Add(new RankData(RankEchelon.",SUBSTITUTE(A2," ","_",),", RankDegree.",VLOOKUP(B2,$B$2:$G$11,6,FALSE),", ",TEXT(D2,"0.0"),"f, ",F2,", ",E2,"));") -> #VALUE! | K2: -10 | L2: 10 | P2: =A2 -> Stone | Q2: =B2 -> 1st | U2: =K2/10 -> -1 | V2: =L2 -> 10 | W2: =CONCATENATE("rankXPGainsDatabase.Add(new RankXPGainsData(",U2,"f, ",V2,"));") -> rankXPGainsDatabase.Add(new RankXPGainsData(-1f, 10));
A3: Stone | B3: 2nd | C3: =CONCATENATE(B3," Degree ",A3) -> 2nd Degree Stone | D3: 1.1 | E3: 2 | F3: =E3-E2 -> 2 | G3: Second | H3: =CONCATENATE("rankDatabase.Add(new RankData(RankEchelon.",SUBSTITUTE(A3," ","_",),", RankDegree.",VLOOKUP(B3,$B$2:$G$11,6,FALSE),", ",TEXT(D3,"0.0"),"f, ",F3,", ",E3,"));") -> #VALUE! | K3: -9 | L3: 14 | P3: =A3 -> Stone | Q3: =B3 -> 2nd | U3: =K3/10 -> -0.9 | V3: =L3 -> 14 | W3: =CONCATENATE("rankXPGainsDatabase.Add(new RankXPGainsData(",U3,"f, ",V3,"));") -> rankXPGainsDatabase.Add(new RankXPGainsData(-0.9f, 14));
A4: Stone | B4: 3rd | C4: =CONCATENATE(B4," Degree ",A4) -> 3rd Degree Stone | D4: 1.2 | E4: 4 | F4: =E4-E3 -> 2 | G4: Third | H4: =CONCATENATE("rankDatabase.Add(new RankData(RankEchelon.",SUBSTITUTE(A4," ","_",),", RankDegree.",VLOOKUP(B4,$B$2:$G$11,6,FALSE),", ",TEXT(D4,"0.0"),"f, ",F4,", ",E4,"));") -> #VALUE! | K4: -8 | L4: 18 | P4: =A4 -> Stone | Q4: =B4 -> 3rd | U4: =K4/10 -> -0.8 | V4: =L4 -> 18 | W4: =CONCATENATE("rankXPGainsDatabase.Add(new RankXPGainsData(",U4,"f, ",V4,"));") -> rankXPGainsDatabase.Add(new RankXPGainsData(-0.8f, 18));
A5: Stone | B5: 4th | C5: =CONCATENATE(B5," Degree ",A5) -> 4th Degree Stone | D5: 1.3 | E5: 6 | F5: =E5-E4 -> 2 | G5: Fourth | H5: =CONCATENATE("rankDatabase.Add(new RankData(RankEchelon.",SUBSTITUTE(A5," ","_",),", RankDegree.",VLOOKUP(B5,$B$2:$G$11,6,FALSE),", ",TEXT(D5,"0.0"),"f, ",F5,", ",E5,"));") -> #VALUE! | K5: -7 | L5: 23 | P5: =A5 -> Stone | Q5: =B5 -> 4th | U5: =K5/10 -> -0.7 | V5: =L5 -> 23 | W5: =CONCATENATE("rankXPGainsDatabase.Add(new RankXPGainsData(",U5,"f, ",V5,"));") -> rankXPGainsDatabase.Add(new RankXPGainsData(-0.7f, 23));
A6: Stone | B6: 5th | C6: =CONCATENATE(B6," Degree ",A6) -> 5th Degree Stone | D6: 1.4 | E6: 8 | F6: =E6-E5 -> 2 | G6: Fifth | H6: =CONCATENATE("rankDatabase.Add(new RankData(RankEchelon.",SUBSTITUTE(A6," ","_",),", RankDegree.",VLOOKUP(B6,$B$2:$G$11,6,FALSE),", ",TEXT(D6,"0.0"),"f, ",F6,", ",E6,"));") -> #VALUE! | K6: -6 | L6: 28 | P6: =A6 -> Stone | Q6: =B6 -> 5th | U6: =K6/10 -> -0.6 | V6: =L6 -> 28 | W6: =CONCATENATE("rankXPGainsDatabase.Add(new RankXPGainsData(",U6,"f, ",V6,"));") -> rankXPGainsDatabase.Add(new RankXPGainsData(-0.6f, 28));
A7: Stone | B7: 6th | C7: =CONCATENATE(B7," Degree ",A7) -> 6th Degree Stone | D7: 1.5 | E7: 10 | F7: =E7-E6 -> 2 | G7: Sixth | H7: =CONCATENATE("rankDatabase.Add(new RankData(RankEchelon.",SUBSTITUTE(A7," ","_",),", RankDegree.",VLOOKUP(B7,$B$2:$G$11,6,FALSE),", ",TEXT(D7,"0.0"),"f, ",F7,", ",E7,"));") -> #VALUE! | K7: -5 | L7: 33 | P7: =A7 -> Stone | Q7: =B7 -> 6th | U7: =K7/10 -> -0.5 | V7: =L7 -> 33 | W7: =CONCATENATE("rankXPGainsDatabase.Add(new RankXPGainsData(",U7,"f, ",V7,"));") -> rankXPGainsDatabase.Add(new RankXPGainsData(-0.5f, 33));
A8: Stone | B8: 7th | C8: =CONCATENATE(B8," Degree ",A8) -> 7th Degree Stone | D8: 1.6 | E8: 12 | F8: =E8-E7 -> 2 | G8: Seventh | H8: =CONCATENATE("rankDatabase.Add(new RankData(RankEchelon.",SUBSTITUTE(A8," ","_",),", RankDegree.",VLOOKUP(B8,$B$2:$G$11,6,FALSE),", ",TEXT(D8,"0.0"),"f, ",F8,", ",E8,"));") -> #VALUE! | K8: -4 | L8: 38 | P8: =A8 -> Stone | Q8: =B8 -> 7th | U8: =K8/10 -> -0.4 | V8: =L8 -> 38 | W8: =CONCATENATE("rankXPGainsDatabase.Add(new RankXPGainsData(",U8,"f, ",V8,"));") -> rankXPGainsDatabase.Add(new RankXPGainsData(-0.4f, 38));
A9: Stone | B9: 8th | C9: =CONCATENATE(B9," Degree ",A9) -> 8th Degree Stone | D9: 1.7 | E9: 15 | F9: =E9-E8 -> 3 | G9: Eighth | H9: =CONCATENATE("rankDatabase.Add(new RankData(RankEchelon.",SUBSTITUTE(A9," ","_",),", RankDegree.",VLOOKUP(B9,$B$2:$G$11,6,FALSE),", ",TEXT(D9,"0.0"),"f, ",F9,", ",E9,"));") -> #VALUE! | K9: -3 | L9: 41 | P9: =A9 -> Stone | Q9: =B9 -> 8th | U9: =K9/10 -> -0.3 | V9: =L9 -> 41 | W9: =CONCATENATE("rankXPGainsDatabase.Add(new RankXPGainsData(",U9,"f, ",V9,"));") -> rankXPGainsDatabase.Add(new RankXPGainsData(-0.3f, 41));
A10: Stone | B10: 9th | C10: =CONCATENATE(B10," Degree ",A10) -> 9th Degree Stone | D10: 1.8 | E10: 18 | F10: =E10-E9 -> 3 | G10: Nineth | H10: =CONCATENATE("rankDatabase.Add(new RankData(RankEchelon.",SUBSTITUTE(A10," ","_",),", RankDegree.",VLOOKUP(B10,$B$2:$G$11,6,FALSE),", ",TEXT(D10,"0.0"),"f, ",F10,", ",E10,"));") -> #VALUE! | K10: -2 | L10: 44 | P10: =A10 -> Stone | Q10: =B10 -> 9th | U10: =K10/10 -> -0.2 | V10: =L10 -> 44 | W10: =CONCATENATE("rankXPGainsDatabase.Add(new RankXPGainsData(",U10,"f, ",V10,"));") -> rankXPGainsDatabase.Add(new RankXPGainsData(-0.2f, 44));
A11: Stone | B11: 10th | C11: =CONCATENATE(B11," Degree ",A11) -> 10th Degree Stone | D11: 1.9 | E11: 21 | F11: =E11-E10 -> 3 | G11: Tenth | H11: =CONCATENATE("rankDatabase.Add(new RankData(RankEchelon.",SUBSTITUTE(A11," ","_",),", RankDegree.",VLOOKUP(B11,$B$2:$G$11,6,FALSE),", ",TEXT(D11,"0.0"),"f, ",F11,", ",E11,"));") -> #VALUE! | K11: -1 | L11: 47 | P11: =A11 -> Stone | Q11: =B11 -> 10th | U11: =K11/10 -> -0.1 | V11: =L11 -> 47 | W11: =CONCATENATE("rankXPGainsDatabase.Add(new RankXPGainsData(",U11,"f, ",V11,"));") -> rankXPGainsDatabase.Add(new RankXPGainsData(-0.1f, 47));
A12: Iron | B12: 1st | C12: =CONCATENATE(B12," Degree ",A12) -> 1st Degree Iron | D12: 2 | E12: 24 | F12: =E12-E11 -> 3 | H12: =CONCATENATE("rankDatabase.Add(new RankData(RankEchelon.",SUBSTITUTE(A12," ","_",),", RankDegree.",VLOOKUP(B12,$B$2:$G$11,6,FALSE),", ",TEXT(D12,"0.0"),"f, ",F12,", ",E12,"));") -> #VALUE! | K12: 0 | L12: 50 | P12: =A12 -> Iron | Q12: =B12 -> 1st | U12: =K12/10 -> 0 | V12: =L12 -> 50 | W12: =CONCATENATE("rankXPGainsDatabase.Add(new RankXPGainsData(",U12,"f, ",V12,"));") -> rankXPGainsDatabase.Add(new RankXPGainsData(0f, 50));
A13: Iron | B13: 2nd | C13: =CONCATENATE(B13," Degree ",A13) -> 2nd Degree Iron | D13: 2.1 | E13: 27 | F13: =E13-E12 -> 3 | H13: =CONCATENATE("rankDatabase.Add(new RankData(RankEchelon.",SUBSTITUTE(A13," ","_",),", RankDegree.",VLOOKUP(B13,$B$2:$G$11,6,FALSE),", ",TEXT(D13,"0.0"),"f, ",F13,", ",E13,"));") -> #VALUE! | K13: 1 | L13: 60 | P13: =A13 -> Iron | Q13: =B13 -> 2nd | U13: =K13/10 -> 0.1 | V13: =L13 -> 60 | W13: =CONCATENATE("rankXPGainsDatabase.Add(new RankXPGainsData(",U13,"f, ",V13,"));") -> rankXPGainsDatabase.Add(new RankXPGainsData(0.1f, 60));
A14: Iron | B14: 3rd | C14: =CONCATENATE(B14," Degree ",A14) -> 3rd Degree Iron | D14: 2.2 | E14: 30 | F14: =E14-E13 -> 3 | H14: =CONCATENATE("rankDatabase.Add(new RankData(RankEchelon.",SUBSTITUTE(A14," ","_",),", RankDegree.",VLOOKUP(B14,$B$2:$G$11,6,FALSE),", ",TEXT(D14,"0.0"),"f, ",F14,", ",E14,"));") -> #VALUE! | K14: 2 | L14: 70 | P14: =A14 -> Iron | Q14: =B14 -> 3rd | U14: =K14/10 -> 0.2 | V14: =L14 -> 70 | W14: =CONCATENATE("rankXPGainsDatabase.Add(new RankXPGainsData(",U14,"f, ",V14,"));") -> rankXPGainsDatabase.Add(new RankXPGainsData(0.2f, 70));
A15: Iron | B15: 4th | C15: =CONCATENATE(B15," Degree ",A15) -> 4th Degree Iron | D15: 2.3 | E15: 33 | F15: =E15-E14 -> 3 | H15: =CONCATENATE("rankDatabase.Add(new RankData(RankEchelon.",SUBSTITUTE(A15," ","_",),", RankDegree.",VLOOKUP(B15,$B$2:$G$11,6,FALSE),", ",TEXT(D15,"0.0"),"f, ",F15,", ",E15,"));") -> #VALUE! | K15: 3 | L15: 80 | P15: =A15 -> Iron | Q15: =B15 -> 4th | U15: =K15/10 -> 0.3 | V15: =L15 -> 80 | W15: =CONCATENATE("rankXPGainsDatabase.Add(new RankXPGainsData(",U15,"f, ",V15,"));") -> rankXPGainsDatabase.Add(new RankXPGainsData(0.3f, 80));
A16: Iron | B16: 5th | C16: =CONCATENATE(B16," Degree ",A16) -> 5th Degree Iron | D16: 2.4 | E16: 37 | F16: =E16-E15 -> 4 | H16: =CONCATENATE("rankDatabase.Add(new RankData(RankEchelon.",SUBSTITUTE(A16," ","_",),", RankDegree.",VLOOKUP(B16,$B$2:$G$11,6,FALSE),", ",TEXT(D16,"0.0"),"f, ",F16,", ",E16,"));") -> #VALUE! | K16: 4 | L16: 90 | P16: =A16 -> Iron | Q16: =B16 -> 5th | U16: =K16/10 -> 0.4 | V16: =L16 -> 90 | W16: =CONCATENATE("rankXPGainsDatabase.Add(new RankXPGainsData(",U16,"f, ",V16,"));") -> rankXPGainsDatabase.Add(new RankXPGainsData(0.4f, 90));
A17: Iron | B17: 6th | C17: =CONCATENATE(B17," Degree ",A17) -> 6th Degree Iron | D17: 2.5 | E17: 41 | F17: =E17-E16 -> 4 | H17: =CONCATENATE("rankDatabase.Add(new RankData(RankEchelon.",SUBSTITUTE(A17," ","_",),", RankDegree.",VLOOKUP(B17,$B$2:$G$11,6,FALSE),", ",TEXT(D17,"0.0"),"f, ",F17,", ",E17,"));") -> #VALUE! | K17: 5 | L17: 100 | P17: =A17 -> Iron | Q17: =B17 -> 6th | U17: =K17/10 -> 0.5 | V17: =L17 -> 100 | W17: =CONCATENATE("rankXPGainsDatabase.Add(new RankXPGainsData(",U17,"f, ",V17,"));") -> rankXPGainsDatabase.Add(new RankXPGainsData(0.5f, 100));
A18: Iron | B18: 7th | C18: =CONCATENATE(B18," Degree ",A18) -> 7th Degree Iron | D18: 2.6 | E18: 45 | F18: =E18-E17 -> 4 | H18: =CONCATENATE("rankDatabase.Add(new RankData(RankEchelon.",SUBSTITUTE(A18," ","_",),", RankDegree.",VLOOKUP(B18,$B$2:$G$11,6,FALSE),", ",TEXT(D18,"0.0"),"f, ",F18,", ",E18,"));") -> #VALUE! | K18: 6 | L18: 140 | P18: =A18 -> Iron | Q18: =B18 -> 7th | U18: =K18/10 -> 0.6 | V18: =L18 -> 140 | W18: =CONCATENATE("rankXPGainsDatabase.Add(new RankXPGainsData(",U18,"f, ",V18,"));") -> rankXPGainsDatabase.Add(new RankXPGainsData(0.6f, 140));
A19: Iron | B19: 8th | C19: =CONCATENATE(B19," Degree ",A19) -> 8th Degree Iron | D19: 2.7 | E19: 49 | F19: =E19-E18 -> 4 | H19: =CONCATENATE("rankDatabase.Add(new RankData(RankEchelon.",SUBSTITUTE(A19," ","_",),", RankDegree.",VLOOKUP(B19,$B$2:$G$11,6,FALSE),", ",TEXT(D19,"0.0"),"f, ",F19,", ",E19,"));") -> #VALUE! | K19: 7 | L19: 180 | P19: =A19 -> Iron | Q19: =B19 -> 8th | U19: =K19/10 -> 0.7 | V19: =L19 -> 180 | W19: =CONCATENATE("rankXPGainsDatabase.Add(new RankXPGainsData(",U19,"f, ",V19,"));") -> rankXPGainsDatabase.Add(new RankXPGainsData(0.7f, 180));
A20: Iron | B20: 9th | C20: =CONCATENATE(B20," Degree ",A20) -> 9th Degree Iron | D20: 2.8 | E20: 53 | F20: =E20-E19 -> 4 | H20: =CONCATENATE("rankDatabase.Add(new RankData(RankEchelon.",SUBSTITUTE(A20," ","_",),", RankDegree.",VLOOKUP(B20,$B$2:$G$11,6,FALSE),", ",TEXT(D20,"0.0"),"f, ",F20,", ",E20,"));") -> #VALUE! | K20: 8 | L20: 220 | P20: =A20 -> Iron | Q20: =B20 -> 9th | U20: =K20/10 -> 0.8 | V20: =L20 -> 220 | W20: =CONCATENATE("rankXPGainsDatabase.Add(new RankXPGainsData(",U20,"f, ",V20,"));") -> rankXPGainsDatabase.Add(new RankXPGainsData(0.8f, 220));
A21: Iron | B21: 10th | C21: =CONCATENATE(B21," Degree ",A21) -> 10th Degree Iron | D21: 2.9 | E21: 58 | F21: =E21-E20 -> 5 | H21: =CONCATENATE("rankDatabase.Add(new RankData(RankEchelon.",SUBSTITUTE(A21," ","_",),", RankDegree.",VLOOKUP(B21,$B$2:$G$11,6,FALSE),", ",TEXT(D21,"0.0"),"f, ",F21,", ",E21,"));") -> #VALUE! | K21: 9 | L21: 260 | P21: =A21 -> Iron | Q21: =B21 -> 10th | U21: =K21/10 -> 0.9 | V21: =L21 -> 260 | W21: =CONCATENATE("rankXPGainsDatabase.Add(new RankXPGainsData(",U21,"f, ",V21,"));") -> rankXPGainsDatabase.Add(new RankXPGainsData(0.9f, 260));
A22: Bronze | B22: 1st | C22: =CONCATENATE(B22," Degree ",A22) -> 1st Degree Bronze | D22: 3 | E22: 63 | F22: =E22-E21 -> 5 | H22: =CONCATENATE("rankDatabase.Add(new RankData(RankEchelon.",SUBSTITUTE(A22," ","_",),", RankDegree.",VLOOKUP(B22,$B$2:$G$11,6,FALSE),", ",TEXT(D22,"0.0"),"f, ",F22,", ",E22,"));") -> #VALUE! | K22: 10 | L22: 300 | P22: =A22 -> Bronze | Q22: =B22 -> 1st | U22: =K22/10 -> 1 | V22: =L22 -> 300 | W22: =CONCATENATE("rankXPGainsDatabase.Add(new RankXPGainsData(",U22,"f, ",V22,"));") -> rankXPGainsDatabase.Add(new RankXPGainsData(1f, 300));
A23: Bronze | B23: 2nd | C23: =CONCATENATE(B23," Degree ",A23) -> 2nd Degree Bronze | D23: 3.1 | E23: 68 | F23: =E23-E22 -> 5 | H23: =CONCATENATE("rankDatabase.Add(new RankData(RankEchelon.",SUBSTITUTE(A23," ","_",),", RankDegree.",VLOOKUP(B23,$B$2:$G$11,6,FALSE),", ",TEXT(D23,"0.0"),"f, ",F23,", ",E23,"));") -> #VALUE! | P23: =A23 -> Bronze | Q23: =B23 -> 2nd
A24: Bronze | B24: 3rd | C24: =CONCATENATE(B24," Degree ",A24) -> 3rd Degree Bronze | D24: 3.2 | E24: 73 | F24: =E24-E23 -> 5 | H24: =CONCATENATE("rankDatabase.Add(new RankData(RankEchelon.",SUBSTITUTE(A24," ","_",),", RankDegree.",VLOOKUP(B24,$B$2:$G$11,6,FALSE),", ",TEXT(D24,"0.0"),"f, ",F24,", ",E24,"));") -> #VALUE! | P24: =A24 -> Bronze | Q24: =B24 -> 3rd
A25: Bronze | B25: 4th | C25: =CONCATENATE(B25," Degree ",A25) -> 4th Degree Bronze | D25: 3.3 | E25: 79 | F25: =E25-E24 -> 6 | H25: =CONCATENATE("rankDatabase.Add(new RankData(RankEchelon.",SUBSTITUTE(A25," ","_",),", RankDegree.",VLOOKUP(B25,$B$2:$G$11,6,FALSE),", ",TEXT(D25,"0.0"),"f, ",F25,", ",E25,"));") -> #VALUE! | P25: =A25 -> Bronze | Q25: =B25 -> 4th
A26: Bronze | B26: 5th | C26: =CONCATENATE(B26," Degree ",A26) -> 5th Degree Bronze | D26: 3.4 | E26: 85 | F26: =E26-E25 -> 6 | H26: =CONCATENATE("rankDatabase.Add(new RankData(RankEchelon.",SUBSTITUTE(A26," ","_",),", RankDegree.",VLOOKUP(B26,$B$2:$G$11,6,FALSE),", ",TEXT(D26,"0.0"),"f, ",F26,", ",E26,"));") -> #VALUE! | P26: =A26 -> Bronze | Q26: =B26 -> 5th
A27: Bronze | B27: 6th | C27: =CONCATENATE(B27," Degree ",A27) -> 6th Degree Bronze | D27: 3.5 | E27: 91 | F27: =E27-E26 -> 6 | G27: Block | H27: =CONCATENATE("rankDatabase.Add(new RankData(RankEchelon.",SUBSTITUTE(A27," ","_",),", RankDegree.",VLOOKUP(B27,$B$2:$G$11,6,FALSE),", ",TEXT(D27,"0.0"),"f, ",F27,", ",E27,"));") -> #VALUE! | P27: =A27 -> Bronze | Q27: =B27 -> 6th
A28: Bronze | B28: 7th | C28: =CONCATENATE(B28," Degree ",A28) -> 7th Degree Bronze | D28: 3.6 | E28: 98 | F28: =E28-E27 -> 7 | H28: =CONCATENATE("rankDatabase.Add(new RankData(RankEchelon.",SUBSTITUTE(A28," ","_",),", RankDegree.",VLOOKUP(B28,$B$2:$G$11,6,FALSE),", ",TEXT(D28,"0.0"),"f, ",F28,", ",E28,"));") -> #VALUE! | P28: =A28 -> Bronze | Q28: =B28 -> 7th
A29: Bronze | B29: 8th | C29: =CONCATENATE(B29," Degree ",A29) -> 8th Degree Bronze | D29: 3.7 | E29: 105 | F29: =E29-E28 -> 7 | H29: =CONCATENATE("rankDatabase.Add(new RankData(RankEchelon.",SUBSTITUTE(A29," ","_",),", RankDegree.",VLOOKUP(B29,$B$2:$G$11,6,FALSE),", ",TEXT(D29,"0.0"),"f, ",F29,", ",E29,"));") -> #VALUE! | P29: =A29 -> Bronze | Q29: =B29 -> 8th
A30: Bronze | B30: 9th | C30: =CONCATENATE(B30," Degree ",A30) -> 9th Degree Bronze | D30: 3.8 | E30: 112 | F30: =E30-E29 -> 7 | H30: =CONCATENATE("rankDatabase.Add(new RankData(RankEchelon.",SUBSTITUTE(A30," ","_",),", RankDegree.",VLOOKUP(B30,$B$2:$G$11,6,FALSE),", ",TEXT(D30,"0.0"),"f, ",F30,", ",E30,"));") -> #VALUE! | P30: =A30 -> Bronze | Q30: =B30 -> 9th
A31: Bronze | B31: 10th | C31: =CONCATENATE(B31," Degree ",A31) -> 10th Degree Bronze | D31: 3.9 | E31: 120 | F31: =E31-E30 -> 8 | H31: =CONCATENATE("rankDatabase.Add(new RankData(RankEchelon.",SUBSTITUTE(A31," ","_",),", RankDegree.",VLOOKUP(B31,$B$2:$G$11,6,FALSE),", ",TEXT(D31,"0.0"),"f, ",F31,", ",E31,"));") -> #VALUE! | P31: =A31 -> Bronze | Q31: =B31 -> 10th
A32: Silver | B32: 1st | C32: =CONCATENATE(B32," Degree ",A32) -> 1st Degree Silver | D32: 4 | E32: 128 | F32: =E32-E31 -> 8 | G32: Dodge | H32: =CONCATENATE("rankDatabase.Add(new RankData(RankEchelon.",SUBSTITUTE(A32," ","_",),", RankDegree.",VLOOKUP(B32,$B$2:$G$11,6,FALSE),", ",TEXT(D32,"0.0"),"f, ",F32,", ",E32,"));") -> #VALUE! | P32: =A32 -> Silver | Q32: =B32 -> 1st
A33: Silver | B33: 2nd | C33: =CONCATENATE(B33," Degree ",A33) -> 2nd Degree Silver | D33: 4.1 | E33: 136 | F33: =E33-E32 -> 8 | H33: =CONCATENATE("rankDatabase.Add(new RankData(RankEchelon.",SUBSTITUTE(A33," ","_",),", RankDegree.",VLOOKUP(B33,$B$2:$G$11,6,FALSE),", ",TEXT(D33,"0.0"),"f, ",F33,", ",E33,"));") -> #VALUE! | P33: =A33 -> Silver | Q33: =B33 -> 2nd
A34: Silver | B34: 3rd | C34: =CONCATENATE(B34," Degree ",A34) -> 3rd Degree Silver | D34: 4.2 | E34: 145 | F34: =E34-E33 -> 9 | H34: =CONCATENATE("rankDatabase.Add(new RankData(RankEchelon.",SUBSTITUTE(A34," ","_",),", RankDegree.",VLOOKUP(B34,$B$2:$G$11,6,FALSE),", ",TEXT(D34,"0.0"),"f, ",F34,", ",E34,"));") -> #VALUE! | P34: =A34 -> Silver | Q34: =B34 -> 3rd
A35: Silver | B35: 4th | C35: =CONCATENATE(B35," Degree ",A35) -> 4th Degree Silver | D35: 4.3 | E35: 154 | F35: =E35-E34 -> 9 | H35: =CONCATENATE("rankDatabase.Add(new RankData(RankEchelon.",SUBSTITUTE(A35," ","_",),", RankDegree.",VLOOKUP(B35,$B$2:$G$11,6,FALSE),", ",TEXT(D35,"0.0"),"f, ",F35,", ",E35,"));") -> #VALUE! | P35: =A35 -> Silver | Q35: =B35 -> 4th
A36: Silver | B36: 5th | C36: =CONCATENATE(B36," Degree ",A36) -> 5th Degree Silver | D36: 4.4 | E36: 164 | F36: =E36-E35 -> 10 | G36: Parry | H36: =CONCATENATE("rankDatabase.Add(new RankData(RankEchelon.",SUBSTITUTE(A36," ","_",),", RankDegree.",VLOOKUP(B36,$B$2:$G$11,6,FALSE),", ",TEXT(D36,"0.0"),"f, ",F36,", ",E36,"));") -> #VALUE! | P36: =A36 -> Silver | Q36: =B36 -> 5th
A37: Silver | B37: 6th | C37: =CONCATENATE(B37," Degree ",A37) -> 6th Degree Silver | D37: 4.5 | E37: 174 | F37: =E37-E36 -> 10 | H37: =CONCATENATE("rankDatabase.Add(new RankData(RankEchelon.",SUBSTITUTE(A37," ","_",),", RankDegree.",VLOOKUP(B37,$B$2:$G$11,6,FALSE),", ",TEXT(D37,"0.0"),"f, ",F37,", ",E37,"));") -> #VALUE! | P37: =A37 -> Silver | Q37: =B37 -> 6th
A38: Silver | B38: 7th | C38: =CONCATENATE(B38," Degree ",A38) -> 7th Degree Silver | D38: 4.6 | E38: 185 | F38: =E38-E37 -> 11 | H38: =CONCATENATE("rankDatabase.Add(new RankData(RankEchelon.",SUBSTITUTE(A38," ","_",),", RankDegree.",VLOOKUP(B38,$B$2:$G$11,6,FALSE),", ",TEXT(D38,"0.0"),"f, ",F38,", ",E38,"));") -> #VALUE! | P38: =A38 -> Silver | Q38: =B38 -> 7th
A39: Silver | B39: 8th | C39: =CONCATENATE(B39," Degree ",A39) -> 8th Degree Silver | D39: 4.7 | E39: 196 | F39: =E39-E38 -> 11 | H39: =CONCATENATE("rankDatabase.Add(new RankData(RankEchelon.",SUBSTITUTE(A39," ","_",),", RankDegree.",VLOOKUP(B39,$B$2:$G$11,6,FALSE),", ",TEXT(D39,"0.0"),"f, ",F39,", ",E39,"));") -> #VALUE! | P39: =A39 -> Silver | Q39: =B39 -> 8th
A40: Silver | B40: 9th | C40: =CONCATENATE(B40," Degree ",A40) -> 9th Degree Silver | D40: 4.8 | E40: 208 | F40: =E40-E39 -> 12 | H40: =CONCATENATE("rankDatabase.Add(new RankData(RankEchelon.",SUBSTITUTE(A40," ","_",),", RankDegree.",VLOOKUP(B40,$B$2:$G$11,6,FALSE),", ",TEXT(D40,"0.0"),"f, ",F40,", ",E40,"));") -> #VALUE! | P40: =A40 -> Silver | Q40: =B40 -> 9th
A41: Silver | B41: 10th | C41: =CONCATENATE(B41," Degree ",A41) -> 10th Degree Silver | D41: 4.9 | E41: 220 | F41: =E41-E40 -> 12 | H41: =CONCATENATE("rankDatabase.Add(new RankData(RankEchelon.",SUBSTITUTE(A41," ","_",),", RankDegree.",VLOOKUP(B41,$B$2:$G$11,6,FALSE),", ",TEXT(D41,"0.0"),"f, ",F41,", ",E41,"));") -> #VALUE! | P41: =A41 -> Silver | Q41: =B41 -> 10th
A42: Gold | B42: 1st | C42: =CONCATENATE(B42," Degree ",A42) -> 1st Degree Gold | D42: 5 | E42: 233 | F42: =E42-E41 -> 13 | H42: =CONCATENATE("rankDatabase.Add(new RankData(RankEchelon.",SUBSTITUTE(A42," ","_",),", RankDegree.",VLOOKUP(B42,$B$2:$G$11,6,FALSE),", ",TEXT(D42,"0.0"),"f, ",F42,", ",E42,"));") -> #VALUE! | P42: =A42 -> Gold | Q42: =B42 -> 1st
A43: Gold | B43: 2nd | C43: =CONCATENATE(B43," Degree ",A43) -> 2nd Degree Gold | D43: 5.1 | E43: 247 | F43: =E43-E42 -> 14 | H43: =CONCATENATE("rankDatabase.Add(new RankData(RankEchelon.",SUBSTITUTE(A43," ","_",),", RankDegree.",VLOOKUP(B43,$B$2:$G$11,6,FALSE),", ",TEXT(D43,"0.0"),"f, ",F43,", ",E43,"));") -> #VALUE! | P43: =A43 -> Gold | Q43: =B43 -> 2nd
A44: Gold | B44: 3rd | C44: =CONCATENATE(B44," Degree ",A44) -> 3rd Degree Gold | D44: 5.2 | E44: 261 | F44: =E44-E43 -> 14 | H44: =CONCATENATE("rankDatabase.Add(new RankData(RankEchelon.",SUBSTITUTE(A44," ","_",),", RankDegree.",VLOOKUP(B44,$B$2:$G$11,6,FALSE),", ",TEXT(D44,"0.0"),"f, ",F44,", ",E44,"));") -> #VALUE! | P44: =A44 -> Gold | Q44: =B44 -> 3rd
A45: Gold | B45: 4th | C45: =CONCATENATE(B45," Degree ",A45) -> 4th Degree Gold | D45: 5.3 | E45: 276 | F45: =E45-E44 -> 15 | H45: =CONCATENATE("rankDatabase.Add(new RankData(RankEchelon.",SUBSTITUTE(A45," ","_",),", RankDegree.",VLOOKUP(B45,$B$2:$G$11,6,FALSE),", ",TEXT(D45,"0.0"),"f, ",F45,", ",E45,"));") -> #VALUE! | P45: =A45 -> Gold | Q45: =B45 -> 4th
A46: Gold | B46: 5th | C46: =CONCATENATE(B46," Degree ",A46) -> 5th Degree Gold | D46: 5.4 | E46: 292 | F46: =E46-E45 -> 16 | H46: =CONCATENATE("rankDatabase.Add(new RankData(RankEchelon.",SUBSTITUTE(A46," ","_",),", RankDegree.",VLOOKUP(B46,$B$2:$G$11,6,FALSE),", ",TEXT(D46,"0.0"),"f, ",F46,", ",E46,"));") -> #VALUE! | P46: =A46 -> Gold | Q46: =B46 -> 5th
A47: Gold | B47: 6th | C47: =CONCATENATE(B47," Degree ",A47) -> 6th Degree Gold | D47: 5.5 | E47: 309 | F47: =E47-E46 -> 17 | H47: =CONCATENATE("rankDatabase.Add(new RankData(RankEchelon.",SUBSTITUTE(A47," ","_",),", RankDegree.",VLOOKUP(B47,$B$2:$G$11,6,FALSE),", ",TEXT(D47,"0.0"),"f, ",F47,", ",E47,"));") -> #VALUE! | P47: =A47 -> Gold | Q47: =B47 -> 6th
A48: Gold | B48: 7th | C48: =CONCATENATE(B48," Degree ",A48) -> 7th Degree Gold | D48: 5.6 | E48: 326 | F48: =E48-E47 -> 17 | H48: =CONCATENATE("rankDatabase.Add(new RankData(RankEchelon.",SUBSTITUTE(A48," ","_",),", RankDegree.",VLOOKUP(B48,$B$2:$G$11,6,FALSE),", ",TEXT(D48,"0.0"),"f, ",F48,", ",E48,"));") -> #VALUE! | P48: =A48 -> Gold | Q48: =B48 -> 7th
... A90: Grand Master | B90: 9th | C90: =CONCATENATE(B90," Degree ",A90) -> 9th Degree Grand Master | D90: 9.8 | E90: 2791 | F90: =E90-E89 -> 135 | H90: =CONCATENATE("rankDatabase.Add(new RankData(RankEchelon.",SUBSTITUTE(A90," ","_",),", RankDegree.",VLOOKUP(B90,$B$2:$G$11,6,FALSE),", ",TEXT(D90,"0.0"),"f, ",F90,", ",E90,"));") -> #VALUE! | P90: =A90 -> Grand Master | Q90: =B90 -> 9th
A91: Grand Master | B91: 10th | C91: =CONCATENATE(B91," Degree ",A91) -> 10th Degree Grand Master | D91: 9.9 | E91: 2933 | F91: =E91-E90 -> 142 | G91: Should unlock all here | H91: =CONCATENATE("rankDatabase.Add(new RankData(RankEchelon.",SUBSTITUTE(A91," ","_",),", RankDegree.",VLOOKUP(B91,$B$2:$G$11,6,FALSE),", ",TEXT(D91,"0.0"),"f, ",F91,", ",E91,"));") -> #VALUE! | P91: =A91 -> Grand Master | Q91: =B91 -> 10th
A92: Legend | B92: 1st | C92: =CONCATENATE(B92," Degree ",A92) -> 1st Degree Legend | D92: 10 | E92: 3230 | F92: =E92-E91 -> 297 | H92: =CONCATENATE("rankDatabase.Add(new RankData(RankEchelon.",SUBSTITUTE(A92," ","_",),", RankDegree.",VLOOKUP(B92,$B$2:$G$11,6,FALSE),", ",TEXT(D92,"0.0"),"f, ",F92,", ",E92,"));") -> #VALUE! | P92: =A92 -> Legend | Q92: =B92 -> 1st
A93: Legend | B93: 2nd | C93: =CONCATENATE(B93," Degree ",A93) -> 2nd Degree Legend | D93: 10.1 | E93: 3556 | F93: =E93-E92 -> 326 | H93: =CONCATENATE("rankDatabase.Add(new RankData(RankEchelon.",SUBSTITUTE(A93," ","_",),", RankDegree.",VLOOKUP(B93,$B$2:$G$11,6,FALSE),", ",TEXT(D93,"0.0"),"f, ",F93,", ",E93,"));") -> #VALUE! | P93: =A93 -> Legend | Q93: =B93 -> 2nd
A94: Legend | B94: 3rd | C94: =CONCATENATE(B94," Degree ",A94) -> 3rd Degree Legend | D94: 10.2 | E94: 3915 | F94: =E94-E93 -> 359 | H94: =CONCATENATE("rankDatabase.Add(new RankData(RankEchelon.",SUBSTITUTE(A94," ","_",),", RankDegree.",VLOOKUP(B94,$B$2:$G$11,6,FALSE),", ",TEXT(D94,"0.0"),"f, ",F94,", ",E94,"));") -> #VALUE! | P94: =A94 -> Legend | Q94: =B94 -> 3rd
A95: Legend | B95: 4th | C95: =CONCATENATE(B95," Degree ",A95) -> 4th Degree Legend | D95: 10.3 | E95: 4310 | F95: =E95-E94 -> 395 | H95: =CONCATENATE("rankDatabase.Add(new RankData(RankEchelon.",SUBSTITUTE(A95," ","_",),", RankDegree.",VLOOKUP(B95,$B$2:$G$11,6,FALSE),", ",TEXT(D95,"0.0"),"f, ",F95,", ",E95,"));") -> #VALUE! | P95: =A95 -> Legend | Q95: =B95 -> 4th
A96: Legend | B96: 5th | C96: =CONCATENATE(B96," Degree ",A96) -> 5th Degree Legend | D96: 10.4 | E96: 4744 | F96: =E96-E95 -> 434 | H96: =CONCATENATE("rankDatabase.Add(new RankData(RankEchelon.",SUBSTITUTE(A96," ","_",),", RankDegree.",VLOOKUP(B96,$B$2:$G$11,6,FALSE),", ",TEXT(D96,"0.0"),"f, ",F96,", ",E96,"));") -> #VALUE! | P96: =A96 -> Legend | Q96: =B96 -> 5th
A97: Legend | B97: 6th | C97: =CONCATENATE(B97," Degree ",A97) -> 6th Degree Legend | D97: 10.5 | E97: 5222 | F97: =E97-E96 -> 478 | H97: =CONCATENATE("rankDatabase.Add(new RankData(RankEchelon.",SUBSTITUTE(A97," ","_",),", RankDegree.",VLOOKUP(B97,$B$2:$G$11,6,FALSE),", ",TEXT(D97,"0.0"),"f, ",F97,", ",E97,"));") -> #VALUE! | P97: =A97 -> Legend | Q97: =B97 -> 6th
A98: Legend | B98: 7th | C98: =CONCATENATE(B98," Degree ",A98) -> 7th Degree Legend | D98: 10.6 | E98: 5748 | F98: =E98-E97 -> 526 | H98: =CONCATENATE("rankDatabase.Add(new RankData(RankEchelon.",SUBSTITUTE(A98," ","_",),", RankDegree.",VLOOKUP(B98,$B$2:$G$11,6,FALSE),", ",TEXT(D98,"0.0"),"f, ",F98,", ",E98,"));") -> #VALUE! | P98: =A98 -> Legend | Q98: =B98 -> 7th
A99: Legend | B99: 8th | C99: =CONCATENATE(B99," Degree ",A99) -> 8th Degree Legend | D99: 10.7 | E99: 6326 | F99: =E99-E98 -> 578 | H99: =CONCATENATE("rankDatabase.Add(new RankData(RankEchelon.",SUBSTITUTE(A99," ","_",),", RankDegree.",VLOOKUP(B99,$B$2:$G$11,6,FALSE),", ",TEXT(D99,"0.0"),"f, ",F99,", ",E99,"));") -> #VALUE! | P99: =A99 -> Legend | Q99: =B99 -> 8th
A100: Legend | B100: 9th | C100: =CONCATENATE(B100," Degree ",A100) -> 9th Degree Legend | D100: 10.8 | E100: 6962 | F100: =E100-E99 -> 636 | H100: =CONCATENATE("rankDatabase.Add(new RankData(RankEchelon.",SUBSTITUTE(A100," ","_",),", RankDegree.",VLOOKUP(B100,$B$2:$G$11,6,FALSE),", ",TEXT(D100,"0.0"),"f, ",F100,", ",E100,"));") -> #VALUE! | P100: =A100 -> Legend | Q100: =B100 -> 9th
A101: Legend | B101: 10th | C101: =CONCATENATE(B101," Degree ",A101) -> 10th Degree Legend | D101: 10.9 | E101: 7662 | F101: =E101-E100 -> 700 | H101: =CONCATENATE("rankDatabase.Add(new RankData(RankEchelon.",SUBSTITUTE(A101," ","_",),", RankDegree.",VLOOKUP(B101,$B$2:$G$11,6,FALSE),", ",TEXT(D101,"0.0"),"f, ",F101,", ",E101,"));") -> #VALUE! | P101: =A101 -> Legend | Q101: =B101 -> 10th

Sheet Math
A1: 1 | B1: 2 | C1: 3 | D1: 4 | E1: 5 | F1: 6 | G1: 7 | H1: 8 | I1: 9 | J1: 10 | K1: 11 | L1: 12 | M1: 13 | N1: 14 | O1: 15 | P1: 16 | Q1: 17 | R1: 18 | S1: 19 | T1: 20 | U1: 21 | V1: 22 | W1: 23 | X1: 24 | Y1: 25 | Z1: 26 | AA1: 27 | AB1: 28 | AC1: 29 | AD1: 30 | AE1: 31 | AF1: 32 | AG1: 33 | AH1: 34 | AI1: 35 | AJ1: 36 | AK1: 37 | AL1: 38 | AM1: 39
A2: Static Combatant Information | S2: Prep Phase Actions | U2: Reactions
A3: Combatant | B3: Block SR | C3: Block SMR | D3: Block FMR | E3: Dodge SR | F3: Dodge SMR | G3: Dodge FMR | H3: Parry SR | I3: Parry SMR | J3: Parry FMR | K3: Stamina Consumption | L3: Evade Regen Rate | M3: Crushing Blow Rate | N3: Blindside Rate | O3: Attack Cost | P3: Special Cost | Q3: Group Cost | S3: Action | T3: Priority | U3: Action
A4: =Input!$A$3 -> Will | B4: =IF(Input!H3="","",VLOOKUP(Input!H3,'Defense Simulations'!$C$3:$W$13,3,FALSE)) -> 0.4 | C4: =IF(Input!H3="","",VLOOKUP(Input!H3,'Defense Simulations'!$C$3:$W$13,4,FALSE)) -> 0.55 | D4: =IF(Input!H3="","",VLOOKUP(Input!H3,'Defense Simulations'!$C$3:$W$13,5,FALSE)) -> 0.4 | E4: =IF(Input!I3="","",VLOOKUP(Input!I3,'Defense Simulations'!$C$3:$W$13,11,FALSE)) -> 0.3 | F4: =IF(Input!I3="","",VLOOKUP(Input!I3,'Defense Simulations'!$C$3:$W$13,12,FALSE)) -> 0.8 | G4: =IF(Input!I3="","",VLOOKUP(Input!I3,'Defense Simulations'!$C$3:$W$13,13,FALSE)) -> 0.1 | H4: =IF(Input!J3="","",VLOOKUP(Input!J3,'Defense Simulations'!$C$3:$W$13,19,FALSE)) -> 0.1 | I4: =IF(Input!J3="","",VLOOKUP(Input!J3,'Defense Simulations'!$C$3:$W$13,20,FALSE)) -> 0.9 | J4: =IF(Input!J3="","",VLOOKUP(Input!J3,'Defense Simulations'!$C$3:$W$13,21,FALSE)) -> 0 | K4: 1 | L4: 0.3 | M4: 0 | N4: 0 | O4: 0.25 | P4: 0.25 | Q4: 0.25 | S4: Defend | T4: 1 | U4: Block
A5: =Input!$A$4 -> Carter | B5: =IF(Input!H4="","",VLOOKUP(Input!H4,'Defense Simulations'!$C$3:$W$13,3,FALSE)) -> 0.4 | C5: =IF(Input!H4="","",VLOOKUP(Input!H4,'Defense Simulations'!$C$3:$W$13,4,FALSE)) -> 0.55 | D5: =IF(Input!H4="","",VLOOKUP(Input!H4,'Defense Simulations'!$C$3:$W$13,5,FALSE)) -> 0.4 | E5: =IF(Input!I4="","",VLOOKUP(Input!I4,'Defense Simulations'!$C$3:$W$13,11,FALSE)) -> 0.3 | F5: =IF(Input!I4="","",VLOOKUP(Input!I4,'Defense Simulations'!$C$3:$W$13,12,FALSE)) -> 0.8 | G5: =IF(Input!I4="","",VLOOKUP(Input!I4,'Defense Simulations'!$C$3:$W$13,13,FALSE)) -> 0.1 | H5: =IF(Input!J4="","",VLOOKUP(Input!J4,'Defense Simulations'!$C$3:$W$13,19,FALSE)) -> 0.1 | I5: =IF(Input!J4="","",VLOOKUP(Input!J4,'Defense Simulations'!$C$3:$W$13,20,FALSE)) -> 0.9 | J5: =IF(Input!J4="","",VLOOKUP(Input!J4,'Defense Simulations'!$C$3:$W$13,21,FALSE)) -> 0 | K5: 1 | L5: 0.3 | M5: 0 | N5: 0 | O5: 0.25 | P5: 0.25 | Q5: 0.25 | S5: Group | T5: 2 | U5: Dodge
A6: =Input!$A$5 -> Joe | B6: =IF(Input!H5="","",VLOOKUP(Input!H5,'Defense Simulations'!$C$3:$W$13,3,FALSE)) -> 0.4 | C6: =IF(Input!H5="","",VLOOKUP(Input!H5,'Defense Simulations'!$C$3:$W$13,4,FALSE)) -> 0.55 | D6: =IF(Input!H5="","",VLOOKUP(Input!H5,'Defense Simulations'!$C$3:$W$13,5,FALSE)) -> 0.4 | E6: =IF(Input!I5="","",VLOOKUP(Input!I5,'Defense Simulations'!$C$3:$W$13,11,FALSE)) -> 0.3 | F6: =IF(Input!I5="","",VLOOKUP(Input!I5,'Defense Simulations'!$C$3:$W$13,12,FALSE)) -> 0.8 | G6: =IF(Input!I5="","",VLOOKUP(Input!I5,'Defense Simulations'!$C$3:$W$13,13,FALSE)) -> 0.1 | H6: =IF(Input!J5="","",VLOOKUP(Input!J5,'Defense Simulations'!$C$3:$W$13,19,FALSE)) -> 0.1 | I6: =IF(Input!J5="","",VLOOKUP(Input!J5,'Defense Simulations'!$C$3:$W$13,20,FALSE)) -> 0.9 | J6: =IF(Input!J5="","",VLOOKUP(Input!J5,'Defense Simulations'!$C$3:$W$13,21,FALSE)) -> 0 | K6: 1 | L6: 0.3 | M6: 0 | N6: 0 | O6: 0.25 | P6: 0.25 | Q6: 0.25 | S6: Special | T6: 3 | U6: Parry
A7: =Input!$A$6 -> Jake | B7: =IF(Input!H6="","",VLOOKUP(Input!H6,'Defense Simulations'!$C$3:$W$13,3,FALSE)) -> 0.4 | C7: =IF(Input!H6="","",VLOOKUP(Input!H6,'Defense Simulations'!$C$3:$W$13,4,FALSE)) -> 0.55 | D7: =IF(Input!H6="","",VLOOKUP(Input!H6,'Defense Simulations'!$C$3:$W$13,5,FALSE)) -> 0.4 | E7: =IF(Input!I6="","",VLOOKUP(Input!I6,'Defense Simulations'!$C$3:$W$13,11,FALSE)) -> 0.3 | F7: =IF(Input!I6="","",VLOOKUP(Input!I6,'Defense Simulations'!$C$3:$W$13,12,FALSE)) -> 0.8 | G7: =IF(Input!I6="","",VLOOKUP(Input!I6,'Defense Simulations'!$C$3:$W$13,13,FALSE)) -> 0.1 | H7: =IF(Input!J6="","",VLOOKUP(Input!J6,'Defense Simulations'!$C$3:$W$13,19,FALSE)) -> 0.1 | I7: =IF(Input!J6="","",VLOOKUP(Input!J6,'Defense Simulations'!$C$3:$W$13,20,FALSE)) -> 0.9 | J7: =IF(Input!J6="","",VLOOKUP(Input!J6,'Defense Simulations'!$C$3:$W$13,21,FALSE)) -> 0 | K7: 1 | L7: 0.3 | M7: 0 | N7: 0 | O7: 0.25 | P7: 0.25 | Q7: 0.25 | S7: Attack | T7: 3 | U7: Defenseless
A8: =Input!$A$7 -> Jim | B8: =IF(Input!H7="","",VLOOKUP(Input!H7,'Defense Simulations'!$C$3:$W$13,3,FALSE)) -> 0.4 | C8: =IF(Input!H7="","",VLOOKUP(Input!H7,'Defense Simulations'!$C$3:$W$13,4,FALSE)) -> 0.55 | D8: =IF(Input!H7="","",VLOOKUP(Input!H7,'Defense Simulations'!$C$3:$W$13,5,FALSE)) -> 0.4 | E8: =IF(Input!I7="","",VLOOKUP(Input!I7,'Defense Simulations'!$C$3:$W$13,11,FALSE)) -> 0.3 | F8: =IF(Input!I7="","",VLOOKUP(Input!I7,'Defense Simulations'!$C$3:$W$13,12,FALSE)) -> 0.8 | G8: =IF(Input!I7="","",VLOOKUP(Input!I7,'Defense Simulations'!$C$3:$W$13,13,FALSE)) -> 0.1 | H8: =IF(Input!J7="","",VLOOKUP(Input!J7,'Defense Simulations'!$C$3:$W$13,19,FALSE)) -> 0.1 | I8: =IF(Input!J7="","",VLOOKUP(Input!J7,'Defense Simulations'!$C$3:$W$13,20,FALSE)) -> 0.9 | J8: =IF(Input!J7="","",VLOOKUP(Input!J7,'Defense Simulations'!$C$3:$W$13,21,FALSE)) -> 0 | K8: 1 | L8: 0.3 | M8: 0 | N8: 0 | O8: 0.25 | P8: 0.25 | Q8: 0.25 | S8: Evade | T8: 4
A9: =Input!$A$8 -> Jordan | B9: =IF(Input!H8="","",VLOOKUP(Input!H8,'Defense Simulations'!$C$3:$W$13,3,FALSE)) -> 0.4 | C9: =IF(Input!H8="","",VLOOKUP(Input!H8,'Defense Simulations'!$C$3:$W$13,4,FALSE)) -> 0.55 | D9: =IF(Input!H8="","",VLOOKUP(Input!H8,'Defense Simulations'!$C$3:$W$13,5,FALSE)) -> 0.4 | E9: =IF(Input!I8="","",VLOOKUP(Input!I8,'Defense Simulations'!$C$3:$W$13,11,FALSE)) -> 0.3 | F9: =IF(Input!I8="","",VLOOKUP(Input!I8,'Defense Simulations'!$C$3:$W$13,12,FALSE)) -> 0.8 | G9: =IF(Input!I8="","",VLOOKUP(Input!I8,'Defense Simulations'!$C$3:$W$13,13,FALSE)) -> 0.1 | H9: =IF(Input!J8="","",VLOOKUP(Input!J8,'Defense Simulations'!$C$3:$W$13,19,FALSE)) -> 0.1 | I9: =IF(Input!J8="","",VLOOKUP(Input!J8,'Defense Simulations'!$C$3:$W$13,20,FALSE)) -> 0.9 | J9: =IF(Input!J8="","",VLOOKUP(Input!J8,'Defense Simulations'!$C$3:$W$13,21,FALSE)) -> 0 | K9: 1 | L9: 0.3 | M9: 0 | N9: 0 | O9: 0.25 | P9: 0.25 | Q9: 0.25
A11: Dynamic Combatant Information
A12: Combatant | B12: Max Stamina | C12: Current Stamina | D12: Stamina Consumption | E12: Stamina Consumption Modifier | F12: Power | G12: Power Modifier | H12: Speed | I12: Speed Modifier | J12: Block Success Rate | K12: Block Success Rate Modifier | L12: Block Success Mitigation Rate | M12: Block Success Mitigation Rate Modifier | N12: Block Fail Mitigation Rate | O12: Block Fail Mitigation Rate Modifier | P12: Dodge Success Rate | Q12: Dodge Success Rate Modifier | R12: Dodge Success Mitigation Rate | S12: Dodge Success Mitigation Rate Modifier | T12: Dodge Fail Mitigation Rate | U12: Dodge Fail Value Modifier | V12: Parry Success Rate | W12: Parry Success Rate Modifier | X12: Parry Success Mitigation Rate | Y12: Parry Success Mitigation Rate Modifier | Z12: Parry Fail Mitigation Rate | AA12: Parry Fail Mitigation Rate Modifier | AB12: Evade Regen Rate | AC12: Evade Regen Rate Modifier | AD12: Attack Cost | AE12: Attack Cost Modifier | AF12: Special Cost | AG12: Special Cost Modifier | AH12: Group Cost | AI12: Group Cost Modifier | AJ12: Blindside Rate | AK12: Blindside Rate Modifier | AL12: Crushing Blow Rate | AM12: Crushing Blow Rate Modifier
A13: =Input!$A$3 -> Will | B13: =Input!E3*5 -> 25 | C13: =ROUND(B13+SUMIF(Input!$B$67:$B$364,"=" & $A13,Input!$G$67:$G$364)+SUMIF(Input!$H$67:$H$364,"=" & $A13,Input!$J$67:$J$364),2) -> 25 | D13: =K4+E13 -> 1 | E13: =SUMIF(BuffsDebuffs!$G:$G,"=" & $A13,BuffsDebuffs!O:O) -> 0 | F13: =Input!F3*(1+G13) -> 5 | G13: =SUMIF(BuffsDebuffs!$G:$G,"=" & $A13,BuffsDebuffs!Q:Q) -> 0 | H13: =Input!G3*(1+I13) -> 5 | I13: =SUMIF(BuffsDebuffs!$G:$G,"=" & $A13,BuffsDebuffs!S:S) -> 0 | J13: =B4+K13+J22 -> 0.4 | K13: =SUMIF(BuffsDebuffs!$G:$G,"=" & $A13,BuffsDebuffs!U:U) -> 0 | L13: =C4+M13 -> 0.55 | M13: =SUMIF(BuffsDebuffs!$G:$G,"=" & $A13,BuffsDebuffs!W:W) -> 0 | N13: =D4+O13 -> 0.4 | O13: =SUMIF(BuffsDebuffs!$G:$G,"=" & $A13,BuffsDebuffs!Y:Y) -> 0 | P13: =E4+Q13+K22 -> 0.3 | Q13: =SUMIF(BuffsDebuffs!$G:$G,"=" & $A13,BuffsDebuffs!AA:AA) -> 0 | R13: =F4+S13 -> 0.8 | S13: =SUMIF(BuffsDebuffs!$G:$G,"=" & $A13,BuffsDebuffs!AC:AC) -> 0 | T13: =G4+U13 -> 0.1 | U13: =SUMIF(BuffsDebuffs!$G:$G,"=" & $A13,BuffsDebuffs!AE:AE) -> 0 | V13: =H4+W13+L22 -> 0.1 | W13: =SUMIF(BuffsDebuffs!$G:$G,"=" & $A13,BuffsDebuffs!AG:AG) -> 0 | X13: =I4+Y13 -> 0.9 | Y13: =SUMIF(BuffsDebuffs!$G:$G,"=" & $A13,BuffsDebuffs!AI:AI) -> 0 | Z13: =J4+AA13 -> 0 | AA13: =SUMIF(BuffsDebuffs!$G:$G,"=" & $A13,BuffsDebuffs!AK:AK) -> 0 | AB13: =L4+AC13 -> 0.3 | AC13: =SUMIF(BuffsDebuffs!$G:$G,"=" & $A13,BuffsDebuffs!AM:AM) -> 0 | AD13: =O4+AE13 -> 0.25 | AE13: =SUMIF(BuffsDebuffs!$G:$G,"=" & $A13,BuffsDebuffs!AO:AO) -> 0 | AF13: =P4+AG13 -> 0.25 | AG13: =SUMIF(BuffsDebuffs!$G:$G,"=" & $A13,BuffsDebuffs!AQ:AQ) -> 0 | AH13: =Q4+AI13 -> 0.25 | AI13: =SUMIF(BuffsDebuffs!$G:$G,"=" & $A13,BuffsDebuffs!AS:AS) -> 0 | AJ13: =N4+AK13 -> 0 | AK13: =SUMIF(BuffsDebuffs!$G:$G,"=" & $A13,BuffsDebuffs!AU:AU) -> 0 | AL13: =M4+AM13 -> 0 | AM13: =SUMIF(BuffsDebuffs!$G:$G,"=" & $A13,BuffsDebuffs!AW:AW) -> 0
A14: =Input!$A$4 -> Carter | B14: =Input!E4*5 -> 25 | C14: =ROUND(B14+SUMIF(Input!$B$67:$B$364,"=" & $A14,Input!$G$67:$G$364)+SUMIF(Input!$H$67:$H$364,"=" & $A14,Input!$J$67:$J$364),2) -> 25 | D14: =K5+E14 -> 1 | E14: =SUMIF(BuffsDebuffs!$G:$G,"=" & $A14,BuffsDebuffs!O:O) -> 0 | F14: =Input!F4*(1+G14) -> 5 | G14: =SUMIF(BuffsDebuffs!$G:$G,"=" & $A14,BuffsDebuffs!Q:Q) -> 0 | H14: =Input!G4*(1+I14) -> 5 | I14: =SUMIF(BuffsDebuffs!$G:$G,"=" & $A14,BuffsDebuffs!S:S) -> 0 | J14: =B5+K14+J23 -> 0.4 | K14: =SUMIF(BuffsDebuffs!$G:$G,"=" & $A14,BuffsDebuffs!U:U) -> 0 | L14: =C5+M14 -> 0.55 | M14: =SUMIF(BuffsDebuffs!$G:$G,"=" & $A14,BuffsDebuffs!W:W) -> 0 | N14: =D5+O14 -> 0.4 | O14: =SUMIF(BuffsDebuffs!$G:$G,"=" & $A14,BuffsDebuffs!Y:Y) -> 0 | P14: =E5+Q14+K23 -> 0.3 | Q14: =SUMIF(BuffsDebuffs!$G:$G,"=" & $A14,BuffsDebuffs!AA:AA) -> 0 | R14: =F5+S14 -> 0.8 | S14: =SUMIF(BuffsDebuffs!$G:$G,"=" & $A14,BuffsDebuffs!AC:AC) -> 0 | T14: =G5+U14 -> 0.1 | U14: =SUMIF(BuffsDebuffs!$G:$G,"=" & $A14,BuffsDebuffs!AE:AE) -> 0 | V14: =H5+W14+L23 -> 0.1 | W14: =SUMIF(BuffsDebuffs!$G:$G,"=" & $A14,BuffsDebuffs!AG:AG) -> 0 | X14: =I5+Y14 -> 0.9 | Y14: =SUMIF(BuffsDebuffs!$G:$G,"=" & $A14,BuffsDebuffs!AI:AI) -> 0 | Z14: =J5+AA14 -> 0 | AA14: =SUMIF(BuffsDebuffs!$G:$G,"=" & $A14,BuffsDebuffs!AK:AK) -> 0 | AB14: =L5+AC14 -> 0.3 | AC14: =SUMIF(BuffsDebuffs!$G:$G,"=" & $A14,BuffsDebuffs!AM:AM) -> 0 | AD14: =O5+AE14 -> 0.25 | AE14: =SUMIF(BuffsDebuffs!$G:$G,"=" & $A14,BuffsDebuffs!AO:AO) -> 0 | AF14: =P5+AG14 -> 0.25 | AG14: =SUMIF(BuffsDebuffs!$G:$G,"=" & $A14,BuffsDebuffs!AQ:AQ) -> 0 | AH14: =Q5+AI14 -> 0.25 | AI14: =SUMIF(BuffsDebuffs!$G:$G,"=" & $A14,BuffsDebuffs!AS:AS) -> 0 | AJ14: =N5+AK14 -> 0 | AK14: =SUMIF(BuffsDebuffs!$G:$G,"=" & $A14,BuffsDebuffs!AU:AU) -> 0 | AL14: =M5+AM14 -> 0 | AM14: =SUMIF(BuffsDebuffs!$G:$G,"=" & $A14,BuffsDebuffs!AW:AW) -> 0
A15: =Input!$A$5 -> Joe | B15: =Input!E5*5 -> 25 | C15: =ROUND(B15+SUMIF(Input!$B$67:$B$364,"=" & $A15,Input!$G$67:$G$364)+SUMIF(Input!$H$67:$H$364,"=" & $A15,Input!$J$67:$J$364),2) -> 25 | D15: =K6+E15 -> 1 | E15: =SUMIF(BuffsDebuffs!$G:$G,"=" & $A15,BuffsDebuffs!O:O) -> 0 | F15: =Input!F5*(1+G15) -> 5 | G15: =SUMIF(BuffsDebuffs!$G:$G,"=" & $A15,BuffsDebuffs!Q:Q) -> 0 | H15: =Input!G5*(1+I15) -> 5 | I15: =SUMIF(BuffsDebuffs!$G:$G,"=" & $A15,BuffsDebuffs!S:S) -> 0 | J15: =B6+K15+J24 -> 0.4 | K15: =SUMIF(BuffsDebuffs!$G:$G,"=" & $A15,BuffsDebuffs!U:U) -> 0 | L15: =C6+M15 -> 0.55 | M15: =SUMIF(BuffsDebuffs!$G:$G,"=" & $A15,BuffsDebuffs!W:W) -> 0 | N15: =D6+O15 -> 0.4 | O15: =SUMIF(BuffsDebuffs!$G:$G,"=" & $A15,BuffsDebuffs!Y:Y) -> 0 | P15: =E6+Q15+K24 -> 0.3 | Q15: =SUMIF(BuffsDebuffs!$G:$G,"=" & $A15,BuffsDebuffs!AA:AA) -> 0 | R15: =F6+S15 -> 0.8 | S15: =SUMIF(BuffsDebuffs!$G:$G,"=" & $A15,BuffsDebuffs!AC:AC) -> 0 | T15: =G6+U15 -> 0.1 | U15: =SUMIF(BuffsDebuffs!$G:$G,"=" & $A15,BuffsDebuffs!AE:AE) -> 0 | V15: =H6+W15+L24 -> 0.1 | W15: =SUMIF(BuffsDebuffs!$G:$G,"=" & $A15,BuffsDebuffs!AG:AG) -> 0 | X15: =I6+Y15 -> 0.9 | Y15: =SUMIF(BuffsDebuffs!$G:$G,"=" & $A15,BuffsDebuffs!AI:AI) -> 0 | Z15: =J6+AA15 -> 0 | AA15: =SUMIF(BuffsDebuffs!$G:$G,"=" & $A15,BuffsDebuffs!AK:AK) -> 0 | AB15: =L6+AC15 -> 0.3 | AC15: =SUMIF(BuffsDebuffs!$G:$G,"=" & $A15,BuffsDebuffs!AM:AM) -> 0 | AD15: =O6+AE15 -> 0.25 | AE15: =SUMIF(BuffsDebuffs!$G:$G,"=" & $A15,BuffsDebuffs!AO:AO) -> 0 | AF15: =P6+AG15 -> 0.25 | AG15: =SUMIF(BuffsDebuffs!$G:$G,"=" & $A15,BuffsDebuffs!AQ:AQ) -> 0 | AH15: =Q6+AI15 -> 0.25 | AI15: =SUMIF(BuffsDebuffs!$G:$G,"=" & $A15,BuffsDebuffs!AS:AS) -> 0 | AJ15: =N6+AK15 -> 0 | AK15: =SUMIF(BuffsDebuffs!$G:$G,"=" & $A15,BuffsDebuffs!AU:AU) -> 0 | AL15: =M6+AM15 -> 0 | AM15: =SUMIF(BuffsDebuffs!$G:$G,"=" & $A15,BuffsDebuffs!AW:AW) -> 0
A16: =Input!$A$6 -> Jake | B16: =Input!E6*5 -> 25 | C16: =ROUND(B16+SUMIF(Input!$B$67:$B$364,"=" & $A16,Input!$G$67:$G$364)+SUMIF(Input!$H$67:$H$364,"=" & $A16,Input!$J$67:$J$364),2) -> 25 | D16: =K7+E16 -> 1 | E16: =SUMIF(BuffsDebuffs!$G:$G,"=" & $A16,BuffsDebuffs!O:O) -> 0 | F16: =Input!F6*(1+G16) -> 5 | G16: =SUMIF(BuffsDebuffs!$G:$G,"=" & $A16,BuffsDebuffs!Q:Q) -> 0 | H16: =Input!G6*(1+I16) -> 5 | I16: =SUMIF(BuffsDebuffs!$G:$G,"=" & $A16,BuffsDebuffs!S:S) -> 0 | J16: =B7+K16+J25 -> 0.4 | K16: =SUMIF(BuffsDebuffs!$G:$G,"=" & $A16,BuffsDebuffs!U:U) -> 0 | L16: =C7+M16 -> 0.55 | M16: =SUMIF(BuffsDebuffs!$G:$G,"=" & $A16,BuffsDebuffs!W:W) -> 0 | N16: =D7+O16 -> 0.4 | O16: =SUMIF(BuffsDebuffs!$G:$G,"=" & $A16,BuffsDebuffs!Y:Y) -> 0 | P16: =E7+Q16+K25 -> 0.3 | Q16: =SUMIF(BuffsDebuffs!$G:$G,"=" & $A16,BuffsDebuffs!AA:AA) -> 0 | R16: =F7+S16 -> 0.8 | S16: =SUMIF(BuffsDebuffs!$G:$G,"=" & $A16,BuffsDebuffs!AC:AC) -> 0 | T16: =G7+U16 -> 0.1 | U16: =SUMIF(BuffsDebuffs!$G:$G,"=" & $A16,BuffsDebuffs!AE:AE) -> 0 | V16: =H7+W16+L25 -> 0.1 | W16: =SUMIF(BuffsDebuffs!$G:$G,"=" & $A16,BuffsDebuffs!AG:AG) -> 0 | X16: =I7+Y16 -> 0.9 | Y16: =SUMIF(BuffsDebuffs!$G:$G,"=" & $A16,BuffsDebuffs!AI:AI) -> 0 | Z16: =J7+AA16 -> 0 | AA16: =SUMIF(BuffsDebuffs!$G:$G,"=" & $A16,BuffsDebuffs!AK:AK) -> 0 | AB16: =L7+AC16 -> 0.3 | AC16: =SUMIF(BuffsDebuffs!$G:$G,"=" & $A16,BuffsDebuffs!AM:AM) -> 0 | AD16: =O7+AE16 -> 0.25 | AE16: =SUMIF(BuffsDebuffs!$G:$G,"=" & $A16,BuffsDebuffs!AO:AO) -> 0 | AF16: =P7+AG16 -> 0.25 | AG16: =SUMIF(BuffsDebuffs!$G:$G,"=" & $A16,BuffsDebuffs!AQ:AQ) -> 0 | AH16: =Q7+AI16 -> 0.25 | AI16: =SUMIF(BuffsDebuffs!$G:$G,"=" & $A16,BuffsDebuffs!AS:AS) -> 0 | AJ16: =N7+AK16 -> 0 | AK16: =SUMIF(BuffsDebuffs!$G:$G,"=" & $A16,BuffsDebuffs!AU:AU) -> 0 | AL16: =M7+AM16 -> 0 | AM16: =SUMIF(BuffsDebuffs!$G:$G,"=" & $A16,BuffsDebuffs!AW:AW) -> 0
A17: =Input!$A$7 -> Jim | B17: =Input!E7*5 -> 25 | C17: =ROUND(B17+SUMIF(Input!$B$67:$B$364,"=" & $A17,Input!$G$67:$G$364)+SUMIF(Input!$H$67:$H$364,"=" & $A17,Input!$J$67:$J$364),2) -> 25 | D17: =K8+E17 -> 1 | E17: =SUMIF(BuffsDebuffs!$G:$G,"=" & $A17,BuffsDebuffs!O:O) -> 0 | F17: =Input!F7*(1+G17) -> 5 | G17: =SUMIF(BuffsDebuffs!$G:$G,"=" & $A17,BuffsDebuffs!Q:Q) -> 0 | H17: =Input!G7*(1+I17) -> 5 | I17: =SUMIF(BuffsDebuffs!$G:$G,"=" & $A17,BuffsDebuffs!S:S) -> 0 | J17: =B8+K17+J26 -> 0.4 | K17: =SUMIF(BuffsDebuffs!$G:$G,"=" & $A17,BuffsDebuffs!U:U) -> 0 | L17: =C8+M17 -> 0.55 | M17: =SUMIF(BuffsDebuffs!$G:$G,"=" & $A17,BuffsDebuffs!W:W) -> 0 | N17: =D8+O17 -> 0.4 | O17: =SUMIF(BuffsDebuffs!$G:$G,"=" & $A17,BuffsDebuffs!Y:Y) -> 0 | P17: =E8+Q17+K26 -> 0.3 | Q17: =SUMIF(BuffsDebuffs!$G:$G,"=" & $A17,BuffsDebuffs!AA:AA) -> 0 | R17: =F8+S17 -> 0.8 | S17: =SUMIF(BuffsDebuffs!$G:$G,"=" & $A17,BuffsDebuffs!AC:AC) -> 0 | T17: =G8+U17 -> 0.1 | U17: =SUMIF(BuffsDebuffs!$G:$G,"=" & $A17,BuffsDebuffs!AE:AE) -> 0 | V17: =H8+W17+L26 -> 0.1 | W17: =SUMIF(BuffsDebuffs!$G:$G,"=" & $A17,BuffsDebuffs!AG:AG) -> 0 | X17: =I8+Y17 -> 0.9 | Y17: =SUMIF(BuffsDebuffs!$G:$G,"=" & $A17,BuffsDebuffs!AI:AI) -> 0 | Z17: =J8+AA17 -> 0 | AA17: =SUMIF(BuffsDebuffs!$G:$G,"=" & $A17,BuffsDebuffs!AK:AK) -> 0 | AB17: =L8+AC17 -> 0.3 | AC17: =SUMIF(BuffsDebuffs!$G:$G,"=" & $A17,BuffsDebuffs!AM:AM) -> 0 | AD17: =O8+AE17 -> 0.25 | AE17: =SUMIF(BuffsDebuffs!$G:$G,"=" & $A17,BuffsDebuffs!AO:AO) -> 0 | AF17: =P8+AG17 -> 0.25 | AG17: =SUMIF(BuffsDebuffs!$G:$G,"=" & $A17,BuffsDebuffs!AQ:AQ) -> 0 | AH17: =Q8+AI17 -> 0.25 | AI17: =SUMIF(BuffsDebuffs!$G:$G,"=" & $A17,BuffsDebuffs!AS:AS) -> 0 | AJ17: =N8+AK17 -> 0 | AK17: =SUMIF(BuffsDebuffs!$G:$G,"=" & $A17,BuffsDebuffs!AU:AU) -> 0 | AL17: =M8+AM17 -> 0 | AM17: =SUMIF(BuffsDebuffs!$G:$G,"=" & $A17,BuffsDebuffs!AW:AW) -> 0
A18: =Input!$A$8 -> Jordan | B18: =Input!E8*5 -> 25 | C18: =ROUND(B18+SUMIF(Input!$B$67:$B$364,"=" & $A18,Input!$G$67:$G$364)+SUMIF(Input!$H$67:$H$364,"=" & $A18,Input!$J$67:$J$364),2) -> 25 | D18: =K9+E18 -> 1 | E18: =SUMIF(BuffsDebuffs!$G:$G,"=" & $A18,BuffsDebuffs!O:O) -> 0 | F18: =Input!F8*(1+G18) -> 5 | G18: =SUMIF(BuffsDebuffs!$G:$G,"=" & $A18,BuffsDebuffs!Q:Q) -> 0 | H18: =Input!G8*(1+I18) -> 5 | I18: =SUMIF(BuffsDebuffs!$G:$G,"=" & $A18,BuffsDebuffs!S:S) -> 0 | J18: =B9+K18+J27 -> 0.4 | K18: =SUMIF(BuffsDebuffs!$G:$G,"=" & $A18,BuffsDebuffs!U:U) -> 0 | L18: =C9+M18 -> 0.55 | M18: =SUMIF(BuffsDebuffs!$G:$G,"=" & $A18,BuffsDebuffs!W:W) -> 0 | N18: =D9+O18 -> 0.4 | O18: =SUMIF(BuffsDebuffs!$G:$G,"=" & $A18,BuffsDebuffs!Y:Y) -> 0 | P18: =E9+Q18+K27 -> 0.3 | Q18: =SUMIF(BuffsDebuffs!$G:$G,"=" & $A18,BuffsDebuffs!AA:AA) -> 0 | R18: =F9+S18 -> 0.8 | S18: =SUMIF(BuffsDebuffs!$G:$G,"=" & $A18,BuffsDebuffs!AC:AC) -> 0 | T18: =G9+U18 -> 0.1 | U18: =SUMIF(BuffsDebuffs!$G:$G,"=" & $A18,BuffsDebuffs!AE:AE) -> 0 | V18: =H9+W18+L27 -> 0.1 | W18: =SUMIF(BuffsDebuffs!$G:$G,"=" & $A18,BuffsDebuffs!AG:AG) -> 0 | X18: =I9+Y18 -> 0.9 | Y18: =SUMIF(BuffsDebuffs!$G:$G,"=" & $A18,BuffsDebuffs!AI:AI) -> 0 | Z18: =J9+AA18 -> 0 | AA18: =SUMIF(BuffsDebuffs!$G:$G,"=" & $A18,BuffsDebuffs!AK:AK) -> 0 | AB18: =L9+AC18 -> 0.3 | AC18: =SUMIF(BuffsDebuffs!$G:$G,"=" & $A18,BuffsDebuffs!AM:AM) -> 0 | AD18: =O9+AE18 -> 0.25 | AE18: =SUMIF(BuffsDebuffs!$G:$G,"=" & $A18,BuffsDebuffs!AO:AO) -> 0 | AF18: =P9+AG18 -> 0.25 | AG18: =SUMIF(BuffsDebuffs!$G:$G,"=" & $A18,BuffsDebuffs!AQ:AQ) -> 0 | AH18: =Q9+AI18 -> 0.25 | AI18: =SUMIF(BuffsDebuffs!$G:$G,"=" & $A18,BuffsDebuffs!AS:AS) -> 0 | AJ18: =N9+AK18 -> 0 | AK18: =SUMIF(BuffsDebuffs!$G:$G,"=" & $A18,BuffsDebuffs!AU:AU) -> 0 | AL18: =M9+AM18 -> 0 | AM18: =SUMIF(BuffsDebuffs!$G:$G,"=" & $A18,BuffsDebuffs!AW:AW) -> 0
A20: Path Tracking | P20: Combatant Special List
A21: Combatant | B21: Path | C21: Ascension | D21: Path - Ascension | E21: Current Energy Segments | F21: Rounded Segments | G21: Segment Bonus | H21: Bonus Type | I21: Style Focus | J21: Block SR Bonus | K21: Dodge SR Bonus | L21: Parry SR Bonus | M21: Energy Accumulation Bonus | N21: Starting Energy Segments | P21: =A31 -> Will | Q21: =A32 -> Carter | R21: =A33 -> Joe | S21: =A34 -> Jake | T21: =A35 -> Jim | U21: =A36 -> Jordan
A22: =Input!$A$3 -> Will | B22: =Input!D3 -> Air | C22: =Input!K3 -> 0 | D22: =CONCATENATE(B22," - ",C22) -> Air - 0 | E22: =SUMIF(Input!$B$67:$B$364,"=" & $A22,Input!$F$67:$F$364)+SUMIF(Input!$H$67:$H$364,"=" & $A22,Input!$I$67:$I$364)-(SUMIF(Input!$B$67:$B$364,"=" & $A22,Input!$E$67:$E$364)) -> 0 | F22: =ROUNDDOWN((E22),0) -> 0 | G22: =IF(F22>0,VLOOKUP(D22,Paths!$C$2:$I$28,F22+1,FALSE),0) -> 0 | H22: =VLOOKUP(B22,Paths!$K$2:$N$7,3,FALSE) -> Dodge Success Rate | I22: =VLOOKUP(B22,Paths!$K$2:$N$7,2,FALSE) -> Reaction | J22: =IF(AND($I22="Reaction",$H22="Block Success Rate"),$G22,0) -> 0 | K22: =IF(AND($I22="Reaction",$H22="Dodge Success Rate"),$G22,0) -> 0 | L22: =IF(AND($I22="Reaction",$H22="Parry Success Rate"),$G22,0) -> 0 | M22: =VLOOKUP(C22,Paths!$P$2:$S$5,3,FALSE) -> 0 | N22: =VLOOKUP(C22,Paths!$P$2:$S$5,4,FALSE) -> 0
A23: =Input!$A$4 -> Carter | B23: =Input!D4 -> Earth | C23: =Input!K4 -> 0 | D23: =CONCATENATE(B23," - ",C23) -> Earth - 0 | E23: =SUMIF(Input!$B$67:$B$364,"=" & $A23,Input!$F$67:$F$364)+SUMIF(Input!$H$67:$H$364,"=" & $A23,Input!$I$67:$I$364)-(SUMIF(Input!$B$67:$B$364,"=" & $A23,Input!$E$67:$E$364)) -> 0 | F23: =ROUNDDOWN((E23),0) -> 0 | G23: =IF(F23>0,VLOOKUP(D23,Paths!$C$2:$I$28,F23+1,FALSE),0) -> 0 | H23: =VLOOKUP(B23,Paths!$K$2:$N$7,3,FALSE) -> Block Success Rate | I23: =VLOOKUP(B23,Paths!$K$2:$N$7,2,FALSE) -> Action | J23: =IF(AND($I23="Reaction",$H23="Block Success Rate"),$G23,0) -> 0 | K23: =IF(AND($I23="Reaction",$H23="Dodge Success Rate"),$G23,0) -> 0 | L23: =IF(AND($I23="Reaction",$H23="Parry Success Rate"),$G23,0) -> 0 | M23: =VLOOKUP(C23,Paths!$P$2:$S$5,3,FALSE) -> 0 | N23: =VLOOKUP(C23,Paths!$P$2:$S$5,4,FALSE) -> 0
A24: =Input!$A$5 -> Joe | B24: =Input!D5 -> Shadow | C24: =Input!K5 -> 0 | D24: =CONCATENATE(B24," - ",C24) -> Shadow - 0 | E24: =SUMIF(Input!$B$67:$B$364,"=" & $A24,Input!$F$67:$F$364)+SUMIF(Input!$H$67:$H$364,"=" & $A24,Input!$I$67:$I$364)-(SUMIF(Input!$B$67:$B$364,"=" & $A24,Input!$E$67:$E$364)) -> 0 | F24: =ROUNDDOWN((E24),0) -> 0 | G24: =IF(F24>0,VLOOKUP(D24,Paths!$C$2:$I$28,F24+1,FALSE),0) -> 0 | H24: =VLOOKUP(B24,Paths!$K$2:$N$7,3,FALSE) -> Parry Success Rate | I24: =VLOOKUP(B24,Paths!$K$2:$N$7,2,FALSE) -> Action | J24: =IF(AND($I24="Reaction",$H24="Block Success Rate"),$G24,0) -> 0 | K24: =IF(AND($I24="Reaction",$H24="Dodge Success Rate"),$G24,0) -> 0 | L24: =IF(AND($I24="Reaction",$H24="Parry Success Rate"),$G24,0) -> 0 | M24: =VLOOKUP(C24,Paths!$P$2:$S$5,3,FALSE) -> 0 | N24: =VLOOKUP(C24,Paths!$P$2:$S$5,4,FALSE) -> 0
A25: =Input!$A$6 -> Jake | B25: =Input!D6 -> Earth | C25: =Input!K6 -> 0 | D25: =CONCATENATE(B25," - ",C25) -> Earth - 0 | E25: =SUMIF(Input!$B$67:$B$364,"=" & $A25,Input!$F$67:$F$364)+SUMIF(Input!$H$67:$H$364,"=" & $A25,Input!$I$67:$I$364)-(SUMIF(Input!$B$67:$B$364,"=" & $A25,Input!$E$67:$E$364)) -> 0 | F25: =ROUNDDOWN((E25),0) -> 0 | G25: =IF(F25>0,VLOOKUP(D25,Paths!$C$2:$I$28,F25+1,FALSE),0) -> 0 | H25: =VLOOKUP(B25,Paths!$K$2:$N$7,3,FALSE) -> Block Success Rate | I25: =VLOOKUP(B25,Paths!$K$2:$N$7,2,FALSE) -> Action | J25: =IF(AND($I25="Reaction",$H25="Block Success Rate"),$G25,0) -> 0 | K25: =IF(AND($I25="Reaction",$H25="Dodge Success Rate"),$G25,0) -> 0 | L25: =IF(AND($I25="Reaction",$H25="Parry Success Rate"),$G25,0) -> 0 | M25: =VLOOKUP(C25,Paths!$P$2:$S$5,3,FALSE) -> 0 | N25: =VLOOKUP(C25,Paths!$P$2:$S$5,4,FALSE) -> 0
A26: =Input!$A$7 -> Jim | B26: =Input!D7 -> Earth | C26: =Input!K7 -> 0 | D26: =CONCATENATE(B26," - ",C26) -> Earth - 0 | E26: =SUMIF(Input!$B$67:$B$364,"=" & $A26,Input!$F$67:$F$364)+SUMIF(Input!$H$67:$H$364,"=" & $A26,Input!$I$67:$I$364)-(SUMIF(Input!$B$67:$B$364,"=" & $A26,Input!$E$67:$E$364)) -> 0 | F26: =ROUNDDOWN((E26),0) -> 0 | G26: =IF(F26>0,VLOOKUP(D26,Paths!$C$2:$I$28,F26+1,FALSE),0) -> 0 | H26: =VLOOKUP(B26,Paths!$K$2:$N$7,3,FALSE) -> Block Success Rate | I26: =VLOOKUP(B26,Paths!$K$2:$N$7,2,FALSE) -> Action | J26: =IF(AND($I26="Reaction",$H26="Block Success Rate"),$G26,0) -> 0 | K26: =IF(AND($I26="Reaction",$H26="Dodge Success Rate"),$G26,0) -> 0 | L26: =IF(AND($I26="Reaction",$H26="Parry Success Rate"),$G26,0) -> 0 | M26: =VLOOKUP(C26,Paths!$P$2:$S$5,3,FALSE) -> 0 | N26: =VLOOKUP(C26,Paths!$P$2:$S$5,4,FALSE) -> 0
A27: =Input!$A$8 -> Jordan | B27: =Input!D8 -> Earth | C27: =Input!K8 -> 0 | D27: =CONCATENATE(B27," - ",C27) -> Earth - 0 | E27: =SUMIF(Input!$B$67:$B$364,"=" & $A27,Input!$F$67:$F$364)+SUMIF(Input!$H$67:$H$364,"=" & $A27,Input!$I$67:$I$364)-(SUMIF(Input!$B$67:$B$364,"=" & $A27,Input!$E$67:$E$364)) -> 0 | F27: =ROUNDDOWN((E27),0) -> 0 | G27: =IF(F27>0,VLOOKUP(D27,Paths!$C$2:$I$28,F27+1,FALSE),0) -> 0 | H27: =VLOOKUP(B27,Paths!$K$2:$N$7,3,FALSE) -> Block Success Rate | I27: =VLOOKUP(B27,Paths!$K$2:$N$7,2,FALSE) -> Action | J27: =IF(AND($I27="Reaction",$H27="Block Success Rate"),$G27,0) -> 0 | K27: =IF(AND($I27="Reaction",$H27="Dodge Success Rate"),$G27,0) -> 0 | L27: =IF(AND($I27="Reaction",$H27="Parry Success Rate"),$G27,0) -> 0 | M27: =VLOOKUP(C27,Paths!$P$2:$S$5,3,FALSE) -> 0 | N27: =VLOOKUP(C27,Paths!$P$2:$S$5,4,FALSE) -> 0
A29: Round Preparation Phase | J29: Sorted Round Preparation Phase
A30: Combatant | B30: Priority | C30: Action Speed | D30: Order Speed | E30: Target Speed | F30: Combatant | G30: Type | H30: Target | I30: Priority | J30: Combatant | K30: Type | L30: Target | N30: Create lists based off what is usable (available segements)
A31: =Input!$A$3 -> Will | B31: =IF(Input!B22="","", VLOOKUP(Input!B22,$S$4:$T$8,2,FALSE)) -> 3 | C31: =H13 -> 5 | D31: =C31+Input!F22 -> 5 | E31: =IF(Input!D22="","",VLOOKUP(Input!D22,$A$13:$H$18,8,FALSE)) -> 5 | F31: =A31 -> Will | G31: =Input!B22 -> Attack | H31: =Input!D22 -> Jake | I31: =B31 -> 3 | J31: Will
A32: =Input!$A$4 -> Carter | B32: =IF(Input!B23="","", VLOOKUP(Input!B23,$S$4:$T$8,2,FALSE)) | C32: =H14 -> 5 | D32: =C32+Input!F23 -> 5 | E32: =IF(Input!D23="","",VLOOKUP(Input!D23,$A$13:$H$18,8,FALSE)) | F32: =A32 -> Carter | G32: =Input!B23 -> 0 | H32: =Input!D23 -> 0 | I32: =B32 | J32: Carter
A33: =Input!$A$5 -> Joe | B33: =IF(Input!B24="","", VLOOKUP(Input!B24,$S$4:$T$8,2,FALSE)) | C33: =H15 -> 5 | D33: =C33+Input!F24 -> 5 | E33: =IF(Input!D24="","",VLOOKUP(Input!D24,$A$13:$H$18,8,FALSE)) | F33: =A33 -> Joe | G33: =Input!B24 -> 0 | H33: =Input!D24 -> 0 | I33: =B33 | J33: Joe
A34: =Input!$A$6 -> Jake | B34: =IF(Input!B25="","", VLOOKUP(Input!B25,$S$4:$T$8,2,FALSE)) | C34: =H16 -> 5 | D34: =C34+Input!F25 -> 5 | E34: =IF(Input!D25="","",VLOOKUP(Input!D25,$A$13:$H$18,8,FALSE)) | F34: =A34 -> Jake | G34: =Input!B25 -> 0 | H34: =Input!D25 -> 0 | I34: =B34 | J34: Jake
A35: =Input!$A$7 -> Jim | B35: =IF(Input!B26="","", VLOOKUP(Input!B26,$S$4:$T$8,2,FALSE)) | C35: =H17 -> 5 | D35: =C35+Input!F26 -> 5 | E35: =IF(Input!D26="","",VLOOKUP(Input!D26,$A$13:$H$18,8,FALSE)) | F35: =A35 -> Jim | G35: =Input!B26 -> 0 | H35: =Input!D26 -> 0 | I35: =B35 | J35: Jim
A36: =Input!$A$8 -> Jordan | B36: =IF(Input!B27="","", VLOOKUP(Input!B27,$S$4:$T$8,2,FALSE)) | C36: =H18 -> 5 | D36: =C36+Input!F27 -> 5 | E36: =IF(Input!D27="","",VLOOKUP(Input!D27,$A$13:$H$18,8,FALSE)) | F36: =A36 -> Jordan | G36: =Input!B27 -> 0 | H36: =Input!D27 -> 0 | I36: =B36 | J36: Jordan
B38: Phase 2 | F38: Phase 3 | J38: Phase 4 (Paths) | L38: Phase 4 (Action Power) | AE38: Phase 5
A39: Actor | B39: Combatant Rank | C39: Target Rank | D39: Rank Threshold | E39: Is Rank KO | F39: Action Speed | G39: Target Speed | H39: Blindside Threshold | I39: Is Blindside | J39: Applied to Target Rate | K39: Applied to Target Effect | L39: Attack/Counter Power | M39: Special Power | N39: Group Power | O39: Action Power | P39: Defensless Result | Q39: Block Threshold | R39: Block Result | S39: Dodge Threshold | T39: Dodge Result | U39: Parry Threshold | V39: Parry Result | W39: Chosen Defense Threshold | X39: Is Defense Success | Y39: Target Stamina Change | Z39: Target Damage Mitigation | AA39: Target Energy Segment Gains | AB39: Actor Stamina Change | AC39: Actor Damage Delt | AD39: Actor Energy Segment Gains | AE39: Target Power | AF39: CB Threshold | AG39: Is Crushing blow
A40: =Input!A32 -> 0 | B40: =IF(Input!A32="","",(VLOOKUP(VLOOKUP(Input!A32,Input!$A$3:$C$8,3,FALSE),$AB$59:$AC$68,2,FALSE)*10+VLOOKUP(VLOOKUP(Input!A32,Input!$A$3:$C$8,2,FALSE),$AB$71:$AC$80,2,FALSE))/10) | C40: =IF(Input!D32="","",(VLOOKUP(VLOOKUP(Input!D32,Input!$A$3:$C$8,3,FALSE),$AB$59:$AC$68,2,FALSE)*10+VLOOKUP(VLOOKUP(Input!D32,Input!$A$3:$C$8,2,FALSE),$AB$71:$AC$80,2,FALSE))/10) | D40: =IF(OR(Input!B32="Attack",Input!B32="Special",Input!B32="Group",Input!B32="Counter"),IF(AND(B40>C40,B40-C40>=0.5),((B40-C40)*3)/10,0),0) -> 0 | E40: =IF(Input!F32="","",IF(Input!F32/20>=1-D40,1,0)) | F40: =IF(Input!A32="","",IF(OR(Input!B32="Attack",Input!B32="Special",Input!B32="Group"),VLOOKUP(A40,$A$31:$D$36,3,FALSE),VLOOKUP(A40,$A$13:$H$18,8,FALSE))) | G40: =IF(Input!D32="","",VLOOKUP(Input!D32,$A$13:$H$18,8,FALSE)) | H40: =IF(G40="",0,IF(F40>G40,(F40-G40)/G40,0)) -> 0 | I40: =IF(Input!G32="","",IF(Input!G32/20>=1-H40,1,0)) | J40: =IF(A40="",0,IF(VLOOKUP(A40,$A$22:$I$27,9,FALSE)="Action",VLOOKUP(A40,$A$22:$I$27,7,FALSE),0)) -> #N/A | K40: =IF(J40=0,"",VLOOKUP(A40,$A$22:$I$27,8,FALSE)) -> #N/A | L40: =IF(Input!B32="","",IF(OR(Input!B32="Attack",Input!B32="Counter"),VLOOKUP(A40,$A$13:$AM$18,6,FALSE),0)) | M40: =IF(Input!B32="","",IF(Input!B32="Special",VLOOKUP(A40,$A$13:$AM$18,6,FALSE)*(1+(Input!E32/10)),0)) | N40: =IF(Input!B32="","",IF(Input!B32="Group",1,0)) | O40: =IF(E40=1,VLOOKUP(Input!D32,Input!$A$11:$C$16,3,FALSE), MROUND(L40+M40+N40,0.25)) -> #VALUE! | P40: =IF(Input!H32="Defenseless",O40,0)*-1 -> 0 | Q40: =IF(Input!D32="","",VLOOKUP(Input!D32,$A$13:$AM$18,10,FALSE)+IF(K40="Block Success Rate",J40,0)) | R40: =IF(Input!H32="Block",IF(Input!I32=20,0,IF(Input!I32/20>=1-Q40,(1-VLOOKUP(Input!D32,$A$13:$Z$18,12,FALSE))*O40,(1-VLOOKUP(Input!D32,$A$13:$Z$18,14,FALSE))*O40))*-1,0) -> 0 | S40: =IF(Input!D32="","",VLOOKUP(Input!D32,$A$13:$AM$18,16,FALSE)+IF(K40="Dodge Success Rate",J40,0)) | T40: =IF(Input!H32="Dodge",IF(Input!I32=20,0,IF(Input!I32/20>=1-S40,(1-VLOOKUP(Input!D32,$A$13:$Z$18,18,FALSE))*VLOOKUP(A40,$A$31:$D$36,4,FALSE),(1-VLOOKUP(Input!D32,$A$13:$Z$18,20,FALSE))*O40))*-1,0) -> 0 | U40: =IF(Input!D32="","",VLOOKUP(Input!D32,$A$13:$AM$18,22,FALSE)+IF(K40="Parry Success Rate",J40,0)) | V40: =IF(Input!H32="Parry",IF(Input!I32=20,0,IF(Input!I32/20>=1-U40,(1-VLOOKUP(Input!D32,$A$13:$Z$18,24,FALSE))*O40,(1-VLOOKUP(Input!D32,$A$13:$Z$18,26,FALSE))*O40))*-1,0) -> 0 | W40: =IF(Input!H32="Block",Q40,IF(Input!H32="Dodge",S40,IF(Input!H32="Parry",U40,0))) -> 0 | X40: =IF(Input!H32="Defenseless",0,IF(Input!I32="","",IF(Input!I32/20>=1-W40,1,0))) | Y40: =IFERROR(MEDIAN(0,ROUND(P40+R40+T40+V40,-0.25)*-1,VLOOKUP(A40,$A$13:$B$18,2,FALSE))*-1,0) -> 0 | Z40: =ROUND(IF(AND(Input!H32="Dodge",X40=1),O40,O40+Y40),0.25) -> #VALUE! | AA40: =IFERROR(IF(AA57+VLOOKUP(Input!D32,$A$22:$E$27,5,FALSE)>6,6-VLOOKUP(Input!D32,$A$22:$E$27,5,FALSE),AA57),0) -> 0 | AB40: =IF(Z58>0,IF(Z58>VLOOKUP(A40,$A$13:$AM$18,2,FALSE)-VLOOKUP(A40,$A$13:$AM$18,3,FALSE),VLOOKUP(A40,$A$13:$AM$18,2,FALSE)-VLOOKUP(A40,$A$13:$AM$18,3,FALSE),Z58),Y58) -> 0 | AC40: =ROUND(P40+R40+T40+V40,-0.25) -> 0 | AD40: =IFERROR(IF(AD57+VLOOKUP(A40,$A$22:$E$27,5,FALSE)>6,6-VLOOKUP(A40,$A$22:$E$27,5,FALSE),AD57),0) -> 0 | AE40: =IF(Input!H32="Block",VLOOKUP(Input!D32,$A$13:$F$18,6,FALSE),"") | AF40: =IF(Input!H32="Block",IF(O40>AE40,(O40-AE40)/AE40,0),0) -> 0 | AG40: =IF(Input!J32="","",IF(Input!J32/20>=1-AF40,1,0))
A41: =Input!A33 -> 0 | B41: =IF(Input!A33="","",(VLOOKUP(VLOOKUP(Input!A33,Input!$A$3:$C$8,3,FALSE),$AB$59:$AC$68,2,FALSE)*10+VLOOKUP(VLOOKUP(Input!A33,Input!$A$3:$C$8,2,FALSE),$AB$71:$AC$80,2,FALSE))/10) | C41: =IF(Input!D33="","",(VLOOKUP(VLOOKUP(Input!D33,Input!$A$3:$C$8,3,FALSE),$AB$59:$AC$68,2,FALSE)*10+VLOOKUP(VLOOKUP(Input!D33,Input!$A$3:$C$8,2,FALSE),$AB$71:$AC$80,2,FALSE))/10) | D41: =IF(OR(Input!B33="Attack",Input!B33="Special",Input!B33="Group",Input!B33="Counter"),IF(AND(B41>C41,B41-C41>=0.5),((B41-C41)*3)/10,0),0) -> 0 | E41: =IF(Input!F33="","",IF(Input!F33/20>=1-D41,1,0)) | F41: =IF(Input!A33="","",IF(OR(Input!B33="Attack",Input!B33="Special",Input!B33="Group"),VLOOKUP(A41,$A$31:$D$36,3,FALSE),VLOOKUP(A41,$A$13:$H$18,8,FALSE))) | G41: =IF(Input!D33="","",VLOOKUP(Input!D33,$A$13:$H$18,8,FALSE)) | H41: =IF(G41="",0,IF(F41>G41,(F41-G41)/G41,0)) -> 0 | I41: =IF(Input!G33="","",IF(Input!G33/20>=1-H41,1,0)) | J41: =IF(A41="",0,IF(VLOOKUP(A41,$A$22:$I$27,9,FALSE)="Action",VLOOKUP(A41,$A$22:$I$27,7,FALSE),0)) -> #N/A | K41: =IF(J41=0,"",VLOOKUP(A41,$A$22:$I$27,8,FALSE)) -> #N/A | L41: =IF(Input!B33="","",IF(OR(Input!B33="Attack",Input!B33="Counter"),VLOOKUP(A41,$A$13:$AM$18,6,FALSE),0)) | M41: =IF(Input!B33="","",IF(Input!B33="Special",VLOOKUP(A41,$A$13:$AM$18,6,FALSE)*(1+(Input!E33/10)),0)) | N41: =IF(Input!B33="","",IF(Input!B33="Group",1,0)) | O41: =IF(E41=1,VLOOKUP(Input!D33,Input!$A$11:$C$16,3,FALSE), MROUND(L41+M41+N41,0.25)) -> #VALUE! | P41: =IF(Input!H33="Defenseless",O41,0)*-1 -> 0 | Q41: =IF(Input!D33="","",VLOOKUP(Input!D33,$A$13:$AM$18,10,FALSE)+IF(K41="Block Success Rate",J41,0)) | R41: =IF(Input!H33="Block",IF(Input!I33=20,0,IF(Input!I33/20>=1-Q41,(1-VLOOKUP(Input!D33,$A$13:$Z$18,12,FALSE))*O41,(1-VLOOKUP(Input!D33,$A$13:$Z$18,14,FALSE))*O41))*-1,0) -> 0 | S41: =IF(Input!D33="","",VLOOKUP(Input!D33,$A$13:$AM$18,16,FALSE)+IF(K41="Dodge Success Rate",J41,0)) | T41: =IF(Input!H33="Dodge",IF(Input!I33=20,0,IF(Input!I33/20>=1-S41,(1-VLOOKUP(Input!D33,$A$13:$Z$18,18,FALSE))*VLOOKUP(A41,$A$31:$D$36,4,FALSE),(1-VLOOKUP(Input!D33,$A$13:$Z$18,20,FALSE))*O41))*-1,0) -> 0 | U41: =IF(Input!D33="","",VLOOKUP(Input!D33,$A$13:$AM$18,22,FALSE)+IF(K41="Parry Success Rate",J41,0)) | V41: =IF(Input!H33="Parry",IF(Input!I33=20,0,IF(Input!I33/20>=1-U41,(1-VLOOKUP(Input!D33,$A$13:$Z$18,24,FALSE))*O41,(1-VLOOKUP(Input!D33,$A$13:$Z$18,26,FALSE))*O41))*-1,0) -> 0 | W41: =IF(Input!H33="Block",Q41,IF(Input!H33="Dodge",S41,IF(Input!H33="Parry",U41,0))) -> 0 | X41: =IF(Input!H33="Defenseless",0,IF(Input!I33="","",IF(Input!I33/20>=1-W41,1,0))) | Y41: =IFERROR(MEDIAN(0,ROUND(P41+R41+T41+V41,-0.25)*-1,VLOOKUP(A41,$A$13:$B$18,2,FALSE))*-1,0) -> 0 | Z41: =ROUND(IF(AND(Input!H33="Dodge",X41=1),O41,O41+Y41),0.25) -> #VALUE! | AA41: =IFERROR(IF(AA58+VLOOKUP(Input!D33,$A$22:$E$27,5,FALSE)>6,6-VLOOKUP(Input!D33,$A$22:$E$27,5,FALSE),AA58),0) -> 0 | AB41: =IF(Z59>0,IF(Z59>VLOOKUP(A41,$A$13:$AM$18,2,FALSE)-VLOOKUP(A41,$A$13:$AM$18,3,FALSE),VLOOKUP(A41,$A$13:$AM$18,2,FALSE)-VLOOKUP(A41,$A$13:$AM$18,3,FALSE),Z59),Y59) -> 0 | AC41: =ROUND(P41+R41+T41+V41,-0.25) -> 0 | AD41: =IFERROR(IF(AD58+VLOOKUP(A41,$A$22:$E$27,5,FALSE)>6,6-VLOOKUP(A41,$A$22:$E$27,5,FALSE),AD58),0) -> 0 | AE41: =IF(Input!H33="Block",VLOOKUP(Input!D33,$A$13:$F$18,6,FALSE),"") | AF41: =IF(Input!H33="Block",IF(O41>AE41,(O41-AE41)/AE41,0),0) -> 0 | AG41: =IF(Input!J33="","",IF(Input!J33/20>=1-AF41,1,0))
A42: =Input!A34 -> 0 | B42: =IF(Input!A34="","",(VLOOKUP(VLOOKUP(Input!A34,Input!$A$3:$C$8,3,FALSE),$AB$59:$AC$68,2,FALSE)*10+VLOOKUP(VLOOKUP(Input!A34,Input!$A$3:$C$8,2,FALSE),$AB$71:$AC$80,2,FALSE))/10) | C42: =IF(Input!D34="","",(VLOOKUP(VLOOKUP(Input!D34,Input!$A$3:$C$8,3,FALSE),$AB$59:$AC$68,2,FALSE)*10+VLOOKUP(VLOOKUP(Input!D34,Input!$A$3:$C$8,2,FALSE),$AB$71:$AC$80,2,FALSE))/10) | D42: =IF(OR(Input!B34="Attack",Input!B34="Special",Input!B34="Group",Input!B34="Counter"),IF(AND(B42>C42,B42-C42>=0.5),((B42-C42)*3)/10,0),0) -> 0 | E42: =IF(Input!F34="","",IF(Input!F34/20>=1-D42,1,0)) | F42: =IF(Input!A34="","",IF(OR(Input!B34="Attack",Input!B34="Special",Input!B34="Group"),VLOOKUP(A42,$A$31:$D$36,3,FALSE),VLOOKUP(A42,$A$13:$H$18,8,FALSE))) | G42: =IF(Input!D34="","",VLOOKUP(Input!D34,$A$13:$H$18,8,FALSE)) | H42: =IF(G42="",0,IF(F42>G42,(F42-G42)/G42,0)) -> 0 | I42: =IF(Input!G34="","",IF(Input!G34/20>=1-H42,1,0)) | J42: =IF(A42="",0,IF(VLOOKUP(A42,$A$22:$I$27,9,FALSE)="Action",VLOOKUP(A42,$A$22:$I$27,7,FALSE),0)) -> #N/A | K42: =IF(J42=0,"",VLOOKUP(A42,$A$22:$I$27,8,FALSE)) -> #N/A | L42: =IF(Input!B34="","",IF(OR(Input!B34="Attack",Input!B34="Counter"),VLOOKUP(A42,$A$13:$AM$18,6,FALSE),0)) | M42: =IF(Input!B34="","",IF(Input!B34="Special",VLOOKUP(A42,$A$13:$AM$18,6,FALSE)*(1+(Input!E34/10)),0)) | N42: =IF(Input!B34="","",IF(Input!B34="Group",1,0)) | O42: =IF(E42=1,VLOOKUP(Input!D34,Input!$A$11:$C$16,3,FALSE), MROUND(L42+M42+N42,0.25)) -> #VALUE! | P42: =IF(Input!H34="Defenseless",O42,0)*-1 -> 0 | Q42: =IF(Input!D34="","",VLOOKUP(Input!D34,$A$13:$AM$18,10,FALSE)+IF(K42="Block Success Rate",J42,0)) | R42: =IF(Input!H34="Block",IF(Input!I34=20,0,IF(Input!I34/20>=1-Q42,(1-VLOOKUP(Input!D34,$A$13:$Z$18,12,FALSE))*O42,(1-VLOOKUP(Input!D34,$A$13:$Z$18,14,FALSE))*O42))*-1,0) -> 0 | S42: =IF(Input!D34="","",VLOOKUP(Input!D34,$A$13:$AM$18,16,FALSE)+IF(K42="Dodge Success Rate",J42,0)) | T42: =IF(Input!H34="Dodge",IF(Input!I34=20,0,IF(Input!I34/20>=1-S42,(1-VLOOKUP(Input!D34,$A$13:$Z$18,18,FALSE))*VLOOKUP(A42,$A$31:$D$36,4,FALSE),(1-VLOOKUP(Input!D34,$A$13:$Z$18,20,FALSE))*O42))*-1,0) -> 0 | U42: =IF(Input!D34="","",VLOOKUP(Input!D34,$A$13:$AM$18,22,FALSE)+IF(K42="Parry Success Rate",J42,0)) | V42: =IF(Input!H34="Parry",IF(Input!I34=20,0,IF(Input!I34/20>=1-U42,(1-VLOOKUP(Input!D34,$A$13:$Z$18,24,FALSE))*O42,(1-VLOOKUP(Input!D34,$A$13:$Z$18,26,FALSE))*O42))*-1,0) -> 0 | W42: =IF(Input!H34="Block",Q42,IF(Input!H34="Dodge",S42,IF(Input!H34="Parry",U42,0))) -> 0 | X42: =IF(Input!H34="Defenseless",0,IF(Input!I34="","",IF(Input!I34/20>=1-W42,1,0))) | Y42: =IFERROR(MEDIAN(0,ROUND(P42+R42+T42+V42,-0.25)*-1,VLOOKUP(A42,$A$13:$B$18,2,FALSE))*-1,0) -> 0 | Z42: =ROUND(IF(AND(Input!H34="Dodge",X42=1),O42,O42+Y42),0.25) -> #VALUE! | AA42: =IFERROR(IF(AA59+VLOOKUP(Input!D34,$A$22:$E$27,5,FALSE)>6,6-VLOOKUP(Input!D34,$A$22:$E$27,5,FALSE),AA59),0) -> 0 | AB42: =IF(Z60>0,IF(Z60>VLOOKUP(A42,$A$13:$AM$18,2,FALSE)-VLOOKUP(A42,$A$13:$AM$18,3,FALSE),VLOOKUP(A42,$A$13:$AM$18,2,FALSE)-VLOOKUP(A42,$A$13:$AM$18,3,FALSE),Z60),Y60) -> 0 | AC42: =ROUND(P42+R42+T42+V42,-0.25) -> 0 | AD42: =IFERROR(IF(AD59+VLOOKUP(A42,$A$22:$E$27,5,FALSE)>6,6-VLOOKUP(A42,$A$22:$E$27,5,FALSE),AD59),0) -> 0 | AE42: =IF(Input!H34="Block",VLOOKUP(Input!D34,$A$13:$F$18,6,FALSE),"") | AF42: =IF(Input!H34="Block",IF(O42>AE42,(O42-AE42)/AE42,0),0) -> 0 | AG42: =IF(Input!J34="","",IF(Input!J34/20>=1-AF42,1,0))
A43: =Input!A35 -> 0 | B43: =IF(Input!A35="","",(VLOOKUP(VLOOKUP(Input!A35,Input!$A$3:$C$8,3,FALSE),$AB$59:$AC$68,2,FALSE)*10+VLOOKUP(VLOOKUP(Input!A35,Input!$A$3:$C$8,2,FALSE),$AB$71:$AC$80,2,FALSE))/10) | C43: =IF(Input!D35="","",(VLOOKUP(VLOOKUP(Input!D35,Input!$A$3:$C$8,3,FALSE),$AB$59:$AC$68,2,FALSE)*10+VLOOKUP(VLOOKUP(Input!D35,Input!$A$3:$C$8,2,FALSE),$AB$71:$AC$80,2,FALSE))/10) | D43: =IF(OR(Input!B35="Attack",Input!B35="Special",Input!B35="Group",Input!B35="Counter"),IF(AND(B43>C43,B43-C43>=0.5),((B43-C43)*3)/10,0),0) -> 0 | E43: =IF(Input!F35="","",IF(Input!F35/20>=1-D43,1,0)) | F43: =IF(Input!A35="","",IF(OR(Input!B35="Attack",Input!B35="Special",Input!B35="Group"),VLOOKUP(A43,$A$31:$D$36,3,FALSE),VLOOKUP(A43,$A$13:$H$18,8,FALSE))) | G43: =IF(Input!D35="","",VLOOKUP(Input!D35,$A$13:$H$18,8,FALSE)) | H43: =IF(G43="",0,IF(F43>G43,(F43-G43)/G43,0)) -> 0 | I43: =IF(Input!G35="","",IF(Input!G35/20>=1-H43,1,0)) | J43: =IF(A43="",0,IF(VLOOKUP(A43,$A$22:$I$27,9,FALSE)="Action",VLOOKUP(A43,$A$22:$I$27,7,FALSE),0)) -> #N/A | K43: =IF(J43=0,"",VLOOKUP(A43,$A$22:$I$27,8,FALSE)) -> #N/A | L43: =IF(Input!B35="","",IF(OR(Input!B35="Attack",Input!B35="Counter"),VLOOKUP(A43,$A$13:$AM$18,6,FALSE),0)) | M43: =IF(Input!B35="","",IF(Input!B35="Special",VLOOKUP(A43,$A$13:$AM$18,6,FALSE)*(1+(Input!E35/10)),0)) | N43: =IF(Input!B35="","",IF(Input!B35="Group",1,0)) | O43: =IF(E43=1,VLOOKUP(Input!D35,Input!$A$11:$C$16,3,FALSE), MROUND(L43+M43+N43,0.25)) -> #VALUE! | P43: =IF(Input!H35="Defenseless",O43,0)*-1 -> 0 | Q43: =IF(Input!D35="","",VLOOKUP(Input!D35,$A$13:$AM$18,10,FALSE)+IF(K43="Block Success Rate",J43,0)) | R43: =IF(Input!H35="Block",IF(Input!I35=20,0,IF(Input!I35/20>=1-Q43,(1-VLOOKUP(Input!D35,$A$13:$Z$18,12,FALSE))*O43,(1-VLOOKUP(Input!D35,$A$13:$Z$18,14,FALSE))*O43))*-1,0) -> 0 | S43: =IF(Input!D35="","",VLOOKUP(Input!D35,$A$13:$AM$18,16,FALSE)+IF(K43="Dodge Success Rate",J43,0)) | T43: =IF(Input!H35="Dodge",IF(Input!I35=20,0,IF(Input!I35/20>=1-S43,(1-VLOOKUP(Input!D35,$A$13:$Z$18,18,FALSE))*VLOOKUP(A43,$A$31:$D$36,4,FALSE),(1-VLOOKUP(Input!D35,$A$13:$Z$18,20,FALSE))*O43))*-1,0) -> 0 | U43: =IF(Input!D35="","",VLOOKUP(Input!D35,$A$13:$AM$18,22,FALSE)+IF(K43="Parry Success Rate",J43,0)) | V43: =IF(Input!H35="Parry",IF(Input!I35=20,0,IF(Input!I35/20>=1-U43,(1-VLOOKUP(Input!D35,$A$13:$Z$18,24,FALSE))*O43,(1-VLOOKUP(Input!D35,$A$13:$Z$18,26,FALSE))*O43))*-1,0) -> 0 | W43: =IF(Input!H35="Block",Q43,IF(Input!H35="Dodge",S43,IF(Input!H35="Parry",U43,0))) -> 0 | X43: =IF(Input!H35="Defenseless",0,IF(Input!I35="","",IF(Input!I35/20>=1-W43,1,0))) | Y43: =IFERROR(MEDIAN(0,ROUND(P43+R43+T43+V43,-0.25)*-1,VLOOKUP(A43,$A$13:$B$18,2,FALSE))*-1,0) -> 0 | Z43: =ROUND(IF(AND(Input!H35="Dodge",X43=1),O43,O43+Y43),0.25) -> #VALUE! | AA43: =IFERROR(IF(AA60+VLOOKUP(Input!D35,$A$22:$E$27,5,FALSE)>6,6-VLOOKUP(Input!D35,$A$22:$E$27,5,FALSE),AA60),0) -> 0 | AB43: =IF(Z61>0,IF(Z61>VLOOKUP(A43,$A$13:$AM$18,2,FALSE)-VLOOKUP(A43,$A$13:$AM$18,3,FALSE),VLOOKUP(A43,$A$13:$AM$18,2,FALSE)-VLOOKUP(A43,$A$13:$AM$18,3,FALSE),Z61),Y61) -> 0 | AC43: =ROUND(P43+R43+T43+V43,-0.25) -> 0 | AD43: =IFERROR(IF(AD60+VLOOKUP(A43,$A$22:$E$27,5,FALSE)>6,6-VLOOKUP(A43,$A$22:$E$27,5,FALSE),AD60),0) -> 0 | AE43: =IF(Input!H35="Block",VLOOKUP(Input!D35,$A$13:$F$18,6,FALSE),"") | AF43: =IF(Input!H35="Block",IF(O43>AE43,(O43-AE43)/AE43,0),0) -> 0 | AG43: =IF(Input!J35="","",IF(Input!J35/20>=1-AF43,1,0))
A44: =Input!A36 -> 0 | B44: =IF(Input!A36="","",(VLOOKUP(VLOOKUP(Input!A36,Input!$A$3:$C$8,3,FALSE),$AB$59:$AC$68,2,FALSE)*10+VLOOKUP(VLOOKUP(Input!A36,Input!$A$3:$C$8,2,FALSE),$AB$71:$AC$80,2,FALSE))/10) | C44: =IF(Input!D36="","",(VLOOKUP(VLOOKUP(Input!D36,Input!$A$3:$C$8,3,FALSE),$AB$59:$AC$68,2,FALSE)*10+VLOOKUP(VLOOKUP(Input!D36,Input!$A$3:$C$8,2,FALSE),$AB$71:$AC$80,2,FALSE))/10) | D44: =IF(OR(Input!B36="Attack",Input!B36="Special",Input!B36="Group",Input!B36="Counter"),IF(AND(B44>C44,B44-C44>=0.5),((B44-C44)*3)/10,0),0) -> 0 | E44: =IF(Input!F36="","",IF(Input!F36/20>=1-D44,1,0)) | F44: =IF(Input!A36="","",IF(OR(Input!B36="Attack",Input!B36="Special",Input!B36="Group"),VLOOKUP(A44,$A$31:$D$36,3,FALSE),VLOOKUP(A44,$A$13:$H$18,8,FALSE))) | G44: =IF(Input!D36="","",VLOOKUP(Input!D36,$A$13:$H$18,8,FALSE)) | H44: =IF(G44="",0,IF(F44>G44,(F44-G44)/G44,0)) -> 0 | I44: =IF(Input!G36="","",IF(Input!G36/20>=1-H44,1,0)) | J44: =IF(A44="",0,IF(VLOOKUP(A44,$A$22:$I$27,9,FALSE)="Action",VLOOKUP(A44,$A$22:$I$27,7,FALSE),0)) -> #N/A | K44: =IF(J44=0,"",VLOOKUP(A44,$A$22:$I$27,8,FALSE)) -> #N/A | L44: =IF(Input!B36="","",IF(OR(Input!B36="Attack",Input!B36="Counter"),VLOOKUP(A44,$A$13:$AM$18,6,FALSE),0)) | M44: =IF(Input!B36="","",IF(Input!B36="Special",VLOOKUP(A44,$A$13:$AM$18,6,FALSE)*(1+(Input!E36/10)),0)) | N44: =IF(Input!B36="","",IF(Input!B36="Group",1,0)) | O44: =IF(E44=1,VLOOKUP(Input!D36,Input!$A$11:$C$16,3,FALSE), MROUND(L44+M44+N44,0.25)) -> #VALUE! | P44: =IF(Input!H36="Defenseless",O44,0)*-1 -> 0 | Q44: =IF(Input!D36="","",VLOOKUP(Input!D36,$A$13:$AM$18,10,FALSE)+IF(K44="Block Success Rate",J44,0)) | R44: =IF(Input!H36="Block",IF(Input!I36=20,0,IF(Input!I36/20>=1-Q44,(1-VLOOKUP(Input!D36,$A$13:$Z$18,12,FALSE))*O44,(1-VLOOKUP(Input!D36,$A$13:$Z$18,14,FALSE))*O44))*-1,0) -> 0 | S44: =IF(Input!D36="","",VLOOKUP(Input!D36,$A$13:$AM$18,16,FALSE)+IF(K44="Dodge Success Rate",J44,0)) | T44: =IF(Input!H36="Dodge",IF(Input!I36=20,0,IF(Input!I36/20>=1-S44,(1-VLOOKUP(Input!D36,$A$13:$Z$18,18,FALSE))*VLOOKUP(A44,$A$31:$D$36,4,FALSE),(1-VLOOKUP(Input!D36,$A$13:$Z$18,20,FALSE))*O44))*-1,0) -> 0 | U44: =IF(Input!D36="","",VLOOKUP(Input!D36,$A$13:$AM$18,22,FALSE)+IF(K44="Parry Success Rate",J44,0)) | V44: =IF(Input!H36="Parry",IF(Input!I36=20,0,IF(Input!I36/20>=1-U44,(1-VLOOKUP(Input!D36,$A$13:$Z$18,24,FALSE))*O44,(1-VLOOKUP(Input!D36,$A$13:$Z$18,26,FALSE))*O44))*-1,0) -> 0 | W44: =IF(Input!H36="Block",Q44,IF(Input!H36="Dodge",S44,IF(Input!H36="Parry",U44,0))) -> 0 | X44: =IF(Input!H36="Defenseless",0,IF(Input!I36="","",IF(Input!I36/20>=1-W44,1,0))) | Y44: =IFERROR(MEDIAN(0,ROUND(P44+R44+T44+V44,-0.25)*-1,VLOOKUP(A44,$A$13:$B$18,2,FALSE))*-1,0) -> 0 | Z44: =ROUND(IF(AND(Input!H36="Dodge",X44=1),O44,O44+Y44),0.25) -> #VALUE! | AA44: =IFERROR(IF(AA61+VLOOKUP(Input!D36,$A$22:$E$27,5,FALSE)>6,6-VLOOKUP(Input!D36,$A$22:$E$27,5,FALSE),AA61),0) -> 0 | AB44: =IF(Z62>0,IF(Z62>VLOOKUP(A44,$A$13:$AM$18,2,FALSE)-VLOOKUP(A44,$A$13:$AM$18,3,FALSE),VLOOKUP(A44,$A$13:$AM$18,2,FALSE)-VLOOKUP(A44,$A$13:$AM$18,3,FALSE),Z62),Y62) -> 0 | AC44: =ROUND(P44+R44+T44+V44,-0.25) -> 0 | AD44: =IFERROR(IF(AD61+VLOOKUP(A44,$A$22:$E$27,5,FALSE)>6,6-VLOOKUP(A44,$A$22:$E$27,5,FALSE),AD61),0) -> 0 | AE44: =IF(Input!H36="Block",VLOOKUP(Input!D36,$A$13:$F$18,6,FALSE),"") | AF44: =IF(Input!H36="Block",IF(O44>AE44,(O44-AE44)/AE44,0),0) -> 0 | AG44: =IF(Input!J36="","",IF(Input!J36/20>=1-AF44,1,0))
A45: =Input!A37 -> 0 | B45: =IF(Input!A37="","",(VLOOKUP(VLOOKUP(Input!A37,Input!$A$3:$C$8,3,FALSE),$AB$59:$AC$68,2,FALSE)*10+VLOOKUP(VLOOKUP(Input!A37,Input!$A$3:$C$8,2,FALSE),$AB$71:$AC$80,2,FALSE))/10) | C45: =IF(Input!D37="","",(VLOOKUP(VLOOKUP(Input!D37,Input!$A$3:$C$8,3,FALSE),$AB$59:$AC$68,2,FALSE)*10+VLOOKUP(VLOOKUP(Input!D37,Input!$A$3:$C$8,2,FALSE),$AB$71:$AC$80,2,FALSE))/10) | D45: =IF(OR(Input!B37="Attack",Input!B37="Special",Input!B37="Group",Input!B37="Counter"),IF(AND(B45>C45,B45-C45>=0.5),((B45-C45)*3)/10,0),0) -> 0 | E45: =IF(Input!F37="","",IF(Input!F37/20>=1-D45,1,0)) | F45: =IF(Input!A37="","",IF(OR(Input!B37="Attack",Input!B37="Special",Input!B37="Group"),VLOOKUP(A45,$A$31:$D$36,3,FALSE),VLOOKUP(A45,$A$13:$H$18,8,FALSE))) | G45: =IF(Input!D37="","",VLOOKUP(Input!D37,$A$13:$H$18,8,FALSE)) | H45: =IF(G45="",0,IF(F45>G45,(F45-G45)/G45,0)) -> 0 | I45: =IF(Input!G37="","",IF(Input!G37/20>=1-H45,1,0)) | J45: =IF(A45="",0,IF(VLOOKUP(A45,$A$22:$I$27,9,FALSE)="Action",VLOOKUP(A45,$A$22:$I$27,7,FALSE),0)) -> #N/A | K45: =IF(J45=0,"",VLOOKUP(A45,$A$22:$I$27,8,FALSE)) -> #N/A | L45: =IF(Input!B37="","",IF(OR(Input!B37="Attack",Input!B37="Counter"),VLOOKUP(A45,$A$13:$AM$18,6,FALSE),0)) | M45: =IF(Input!B37="","",IF(Input!B37="Special",VLOOKUP(A45,$A$13:$AM$18,6,FALSE)*(1+(Input!E37/10)),0)) | N45: =IF(Input!B37="","",IF(Input!B37="Group",1,0)) | O45: =IF(E45=1,VLOOKUP(Input!D37,Input!$A$11:$C$16,3,FALSE), MROUND(L45+M45+N45,0.25)) -> #VALUE! | P45: =IF(Input!H37="Defenseless",O45,0)*-1 -> 0 | Q45: =IF(Input!D37="","",VLOOKUP(Input!D37,$A$13:$AM$18,10,FALSE)+IF(K45="Block Success Rate",J45,0)) | R45: =IF(Input!H37="Block",IF(Input!I37=20,0,IF(Input!I37/20>=1-Q45,(1-VLOOKUP(Input!D37,$A$13:$Z$18,12,FALSE))*O45,(1-VLOOKUP(Input!D37,$A$13:$Z$18,14,FALSE))*O45))*-1,0) -> 0 | S45: =IF(Input!D37="","",VLOOKUP(Input!D37,$A$13:$AM$18,16,FALSE)+IF(K45="Dodge Success Rate",J45,0)) | T45: =IF(Input!H37="Dodge",IF(Input!I37=20,0,IF(Input!I37/20>=1-S45,(1-VLOOKUP(Input!D37,$A$13:$Z$18,18,FALSE))*VLOOKUP(A45,$A$31:$D$36,4,FALSE),(1-VLOOKUP(Input!D37,$A$13:$Z$18,20,FALSE))*O45))*-1,0) -> 0 | U45: =IF(Input!D37="","",VLOOKUP(Input!D37,$A$13:$AM$18,22,FALSE)+IF(K45="Parry Success Rate",J45,0)) | V45: =IF(Input!H37="Parry",IF(Input!I37=20,0,IF(Input!I37/20>=1-U45,(1-VLOOKUP(Input!D37,$A$13:$Z$18,24,FALSE))*O45,(1-VLOOKUP(Input!D37,$A$13:$Z$18,26,FALSE))*O45))*-1,0) -> 0 | W45: =IF(Input!H37="Block",Q45,IF(Input!H37="Dodge",S45,IF(Input!H37="Parry",U45,0))) -> 0 | X45: =IF(Input!H37="Defenseless",0,IF(Input!I37="","",IF(Input!I37/20>=1-W45,1,0))) | Y45: =IFERROR(MEDIAN(0,ROUND(P45+R45+T45+V45,-0.25)*-1,VLOOKUP(A45,$A$13:$B$18,2,FALSE))*-1,0) -> 0 | Z45: =ROUND(IF(AND(Input!H37="Dodge",X45=1),O45,O45+Y45),0.25) -> #VALUE! | AA45: =IFERROR(IF(AA62+VLOOKUP(Input!D37,$A$22:$E$27,5,FALSE)>6,6-VLOOKUP(Input!D37,$A$22:$E$27,5,FALSE),AA62),0) -> 0 | AB45: =IF(Z63>0,IF(Z63>VLOOKUP(A45,$A$13:$AM$18,2,FALSE)-VLOOKUP(A45,$A$13:$AM$18,3,FALSE),VLOOKUP(A45,$A$13:$AM$18,2,FALSE)-VLOOKUP(A45,$A$13:$AM$18,3,FALSE),Z63),Y63) -> 0 | AC45: =ROUND(P45+R45+T45+V45,-0.25) -> 0 | AD45: =IFERROR(IF(AD62+VLOOKUP(A45,$A$22:$E$27,5,FALSE)>6,6-VLOOKUP(A45,$A$22:$E$27,5,FALSE),AD62),0) -> 0 | AE45: =IF(Input!H37="Block",VLOOKUP(Input!D37,$A$13:$F$18,6,FALSE),"") | AF45: =IF(Input!H37="Block",IF(O45>AE45,(O45-AE45)/AE45,0),0) -> 0 | AG45: =IF(Input!J37="","",IF(Input!J37/20>=1-AF45,1,0))
A46: =Input!A38 -> 0 | B46: =IF(Input!A38="","",(VLOOKUP(VLOOKUP(Input!A38,Input!$A$3:$C$8,3,FALSE),$AB$59:$AC$68,2,FALSE)*10+VLOOKUP(VLOOKUP(Input!A38,Input!$A$3:$C$8,2,FALSE),$AB$71:$AC$80,2,FALSE))/10) | C46: =IF(Input!D38="","",(VLOOKUP(VLOOKUP(Input!D38,Input!$A$3:$C$8,3,FALSE),$AB$59:$AC$68,2,FALSE)*10+VLOOKUP(VLOOKUP(Input!D38,Input!$A$3:$C$8,2,FALSE),$AB$71:$AC$80,2,FALSE))/10) | D46: =IF(OR(Input!B38="Attack",Input!B38="Special",Input!B38="Group",Input!B38="Counter"),IF(AND(B46>C46,B46-C46>=0.5),((B46-C46)*3)/10,0),0) -> 0 | E46: =IF(Input!F38="","",IF(Input!F38/20>=1-D46,1,0)) | F46: =IF(Input!A38="","",IF(OR(Input!B38="Attack",Input!B38="Special",Input!B38="Group"),VLOOKUP(A46,$A$31:$D$36,3,FALSE),VLOOKUP(A46,$A$13:$H$18,8,FALSE))) | G46: =IF(Input!D38="","",VLOOKUP(Input!D38,$A$13:$H$18,8,FALSE)) | H46: =IF(G46="",0,IF(F46>G46,(F46-G46)/G46,0)) -> 0 | I46: =IF(Input!G38="","",IF(Input!G38/20>=1-H46,1,0)) | J46: =IF(A46="",0,IF(VLOOKUP(A46,$A$22:$I$27,9,FALSE)="Action",VLOOKUP(A46,$A$22:$I$27,7,FALSE),0)) -> #N/A | K46: =IF(J46=0,"",VLOOKUP(A46,$A$22:$I$27,8,FALSE)) -> #N/A | L46: =IF(Input!B38="","",IF(OR(Input!B38="Attack",Input!B38="Counter"),VLOOKUP(A46,$A$13:$AM$18,6,FALSE),0)) | M46: =IF(Input!B38="","",IF(Input!B38="Special",VLOOKUP(A46,$A$13:$AM$18,6,FALSE)*(1+(Input!E38/10)),0)) | N46: =IF(Input!B38="","",IF(Input!B38="Group",1,0)) | O46: =IF(E46=1,VLOOKUP(Input!D38,Input!$A$11:$C$16,3,FALSE), MROUND(L46+M46+N46,0.25)) -> #VALUE! | P46: =IF(Input!H38="Defenseless",O46,0)*-1 -> 0 | Q46: =IF(Input!D38="","",VLOOKUP(Input!D38,$A$13:$AM$18,10,FALSE)+IF(K46="Block Success Rate",J46,0)) | R46: =IF(Input!H38="Block",IF(Input!I38=20,0,IF(Input!I38/20>=1-Q46,(1-VLOOKUP(Input!D38,$A$13:$Z$18,12,FALSE))*O46,(1-VLOOKUP(Input!D38,$A$13:$Z$18,14,FALSE))*O46))*-1,0) -> 0 | S46: =IF(Input!D38="","",VLOOKUP(Input!D38,$A$13:$AM$18,16,FALSE)+IF(K46="Dodge Success Rate",J46,0)) | T46: =IF(Input!H38="Dodge",IF(Input!I38=20,0,IF(Input!I38/20>=1-S46,(1-VLOOKUP(Input!D38,$A$13:$Z$18,18,FALSE))*VLOOKUP(A46,$A$31:$D$36,4,FALSE),(1-VLOOKUP(Input!D38,$A$13:$Z$18,20,FALSE))*O46))*-1,0) -> 0 | U46: =IF(Input!D38="","",VLOOKUP(Input!D38,$A$13:$AM$18,22,FALSE)+IF(K46="Parry Success Rate",J46,0)) | V46: =IF(Input!H38="Parry",IF(Input!I38=20,0,IF(Input!I38/20>=1-U46,(1-VLOOKUP(Input!D38,$A$13:$Z$18,24,FALSE))*O46,(1-VLOOKUP(Input!D38,$A$13:$Z$18,26,FALSE))*O46))*-1,0) -> 0 | W46: =IF(Input!H38="Block",Q46,IF(Input!H38="Dodge",S46,IF(Input!H38="Parry",U46,0))) -> 0 | X46: =IF(Input!H38="Defenseless",0,IF(Input!I38="","",IF(Input!I38/20>=1-W46,1,0))) | Y46: =IFERROR(MEDIAN(0,ROUND(P46+R46+T46+V46,-0.25)*-1,VLOOKUP(A46,$A$13:$B$18,2,FALSE))*-1,0) -> 0 | Z46: =ROUND(IF(AND(Input!H38="Dodge",X46=1),O46,O46+Y46),0.25) -> #VALUE! | AA46: =IFERROR(IF(AA63+VLOOKUP(Input!D38,$A$22:$E$27,5,FALSE)>6,6-VLOOKUP(Input!D38,$A$22:$E$27,5,FALSE),AA63),0) -> 0 | AB46: =IF(Z64>0,IF(Z64>VLOOKUP(A46,$A$13:$AM$18,2,FALSE)-VLOOKUP(A46,$A$13:$AM$18,3,FALSE),VLOOKUP(A46,$A$13:$AM$18,2,FALSE)-VLOOKUP(A46,$A$13:$AM$18,3,FALSE),Z64),Y64) -> 0 | AC46: =ROUND(P46+R46+T46+V46,-0.25) -> 0 | AD46: =IFERROR(IF(AD63+VLOOKUP(A46,$A$22:$E$27,5,FALSE)>6,6-VLOOKUP(A46,$A$22:$E$27,5,FALSE),AD63),0) -> 0 | AE46: =IF(Input!H38="Block",VLOOKUP(Input!D38,$A$13:$F$18,6,FALSE),"") | AF46: =IF(Input!H38="Block",IF(O46>AE46,(O46-AE46)/AE46,0),0) -> 0 | AG46: =IF(Input!J38="","",IF(Input!J38/20>=1-AF46,1,0))
A47: =Input!A39 -> 0 | B47: =IF(Input!A39="","",(VLOOKUP(VLOOKUP(Input!A39,Input!$A$3:$C$8,3,FALSE),$AB$59:$AC$68,2,FALSE)*10+VLOOKUP(VLOOKUP(Input!A39,Input!$A$3:$C$8,2,FALSE),$AB$71:$AC$80,2,FALSE))/10) | C47: =IF(Input!D39="","",(VLOOKUP(VLOOKUP(Input!D39,Input!$A$3:$C$8,3,FALSE),$AB$59:$AC$68,2,FALSE)*10+VLOOKUP(VLOOKUP(Input!D39,Input!$A$3:$C$8,2,FALSE),$AB$71:$AC$80,2,FALSE))/10) | D47: =IF(OR(Input!B39="Attack",Input!B39="Special",Input!B39="Group",Input!B39="Counter"),IF(AND(B47>C47,B47-C47>=0.5),((B47-C47)*3)/10,0),0) -> 0 | E47: =IF(Input!F39="","",IF(Input!F39/20>=1-D47,1,0)) | F47: =IF(Input!A39="","",IF(OR(Input!B39="Attack",Input!B39="Special",Input!B39="Group"),VLOOKUP(A47,$A$31:$D$36,3,FALSE),VLOOKUP(A47,$A$13:$H$18,8,FALSE))) | G47: =IF(Input!D39="","",VLOOKUP(Input!D39,$A$13:$H$18,8,FALSE)) | H47: =IF(G47="",0,IF(F47>G47,(F47-G47)/G47,0)) -> 0 | I47: =IF(Input!G39="","",IF(Input!G39/20>=1-H47,1,0)) | J47: =IF(A47="",0,IF(VLOOKUP(A47,$A$22:$I$27,9,FALSE)="Action",VLOOKUP(A47,$A$22:$I$27,7,FALSE),0)) -> #N/A | K47: =IF(J47=0,"",VLOOKUP(A47,$A$22:$I$27,8,FALSE)) -> #N/A | L47: =IF(Input!B39="","",IF(OR(Input!B39="Attack",Input!B39="Counter"),VLOOKUP(A47,$A$13:$AM$18,6,FALSE),0)) | M47: =IF(Input!B39="","",IF(Input!B39="Special",VLOOKUP(A47,$A$13:$AM$18,6,FALSE)*(1+(Input!E39/10)),0)) | N47: =IF(Input!B39="","",IF(Input!B39="Group",1,0)) | O47: =IF(E47=1,VLOOKUP(Input!D39,Input!$A$11:$C$16,3,FALSE), MROUND(L47+M47+N47,0.25)) -> #VALUE! | P47: =IF(Input!H39="Defenseless",O47,0)*-1 -> 0 | Q47: =IF(Input!D39="","",VLOOKUP(Input!D39,$A$13:$AM$18,10,FALSE)+IF(K47="Block Success Rate",J47,0)) | R47: =IF(Input!H39="Block",IF(Input!I39=20,0,IF(Input!I39/20>=1-Q47,(1-VLOOKUP(Input!D39,$A$13:$Z$18,12,FALSE))*O47,(1-VLOOKUP(Input!D39,$A$13:$Z$18,14,FALSE))*O47))*-1,0) -> 0 | S47: =IF(Input!D39="","",VLOOKUP(Input!D39,$A$13:$AM$18,16,FALSE)+IF(K47="Dodge Success Rate",J47,0)) | T47: =IF(Input!H39="Dodge",IF(Input!I39=20,0,IF(Input!I39/20>=1-S47,(1-VLOOKUP(Input!D39,$A$13:$Z$18,18,FALSE))*VLOOKUP(A47,$A$31:$D$36,4,FALSE),(1-VLOOKUP(Input!D39,$A$13:$Z$18,20,FALSE))*O47))*-1,0) -> 0 | U47: =IF(Input!D39="","",VLOOKUP(Input!D39,$A$13:$AM$18,22,FALSE)+IF(K47="Parry Success Rate",J47,0)) | V47: =IF(Input!H39="Parry",IF(Input!I39=20,0,IF(Input!I39/20>=1-U47,(1-VLOOKUP(Input!D39,$A$13:$Z$18,24,FALSE))*O47,(1-VLOOKUP(Input!D39,$A$13:$Z$18,26,FALSE))*O47))*-1,0) -> 0 | W47: =IF(Input!H39="Block",Q47,IF(Input!H39="Dodge",S47,IF(Input!H39="Parry",U47,0))) -> 0 | X47: =IF(Input!H39="Defenseless",0,IF(Input!I39="","",IF(Input!I39/20>=1-W47,1,0))) | Y47: =IFERROR(MEDIAN(0,ROUND(P47+R47+T47+V47,-0.25)*-1,VLOOKUP(A47,$A$13:$B$18,2,FALSE))*-1,0) -> 0 | Z47: =ROUND(IF(AND(Input!H39="Dodge",X47=1),O47,O47+Y47),0.25) -> #VALUE! | AA47: =IFERROR(IF(AA64+VLOOKUP(Input!D39,$A$22:$E$27,5,FALSE)>6,6-VLOOKUP(Input!D39,$A$22:$E$27,5,FALSE),AA64),0) -> 0 | AB47: =IF(Z65>0,IF(Z65>VLOOKUP(A47,$A$13:$AM$18,2,FALSE)-VLOOKUP(A47,$A$13:$AM$18,3,FALSE),VLOOKUP(A47,$A$13:$AM$18,2,FALSE)-VLOOKUP(A47,$A$13:$AM$18,3,FALSE),Z65),Y65) -> 0 | AC47: =ROUND(P47+R47+T47+V47,-0.25) -> 0 | AD47: =IFERROR(IF(AD64+VLOOKUP(A47,$A$22:$E$27,5,FALSE)>6,6-VLOOKUP(A47,$A$22:$E$27,5,FALSE),AD64),0) -> 0 | AE47: =IF(Input!H39="Block",VLOOKUP(Input!D39,$A$13:$F$18,6,FALSE),"") | AF47: =IF(Input!H39="Block",IF(O47>AE47,(O47-AE47)/AE47,0),0) -> 0 | AG47: =IF(Input!J39="","",IF(Input!J39/20>=1-AF47,1,0))
A48: =Input!A40 -> 0 | B48: =IF(Input!A40="","",(VLOOKUP(VLOOKUP(Input!A40,Input!$A$3:$C$8,3,FALSE),$AB$59:$AC$68,2,FALSE)*10+VLOOKUP(VLOOKUP(Input!A40,Input!$A$3:$C$8,2,FALSE),$AB$71:$AC$80,2,FALSE))/10) | C48: =IF(Input!D40="","",(VLOOKUP(VLOOKUP(Input!D40,Input!$A$3:$C$8,3,FALSE),$AB$59:$AC$68,2,FALSE)*10+VLOOKUP(VLOOKUP(Input!D40,Input!$A$3:$C$8,2,FALSE),$AB$71:$AC$80,2,FALSE))/10) | D48: =IF(OR(Input!B40="Attack",Input!B40="Special",Input!B40="Group",Input!B40="Counter"),IF(AND(B48>C48,B48-C48>=0.5),((B48-C48)*3)/10,0),0) -> 0 | E48: =IF(Input!F40="","",IF(Input!F40/20>=1-D48,1,0)) | F48: =IF(Input!A40="","",IF(OR(Input!B40="Attack",Input!B40="Special",Input!B40="Group"),VLOOKUP(A48,$A$31:$D$36,3,FALSE),VLOOKUP(A48,$A$13:$H$18,8,FALSE))) | G48: =IF(Input!D40="","",VLOOKUP(Input!D40,$A$13:$H$18,8,FALSE)) | H48: =IF(G48="",0,IF(F48>G48,(F48-G48)/G48,0)) -> 0 | I48: =IF(Input!G40="","",IF(Input!G40/20>=1-H48,1,0)) | J48: =IF(A48="",0,IF(VLOOKUP(A48,$A$22:$I$27,9,FALSE)="Action",VLOOKUP(A48,$A$22:$I$27,7,FALSE),0)) -> #N/A | K48: =IF(J48=0,"",VLOOKUP(A48,$A$22:$I$27,8,FALSE)) -> #N/A | L48: =IF(Input!B40="","",IF(OR(Input!B40="Attack",Input!B40="Counter"),VLOOKUP(A48,$A$13:$AM$18,6,FALSE),0)) | M48: =IF(Input!B40="","",IF(Input!B40="Special",VLOOKUP(A48,$A$13:$AM$18,6,FALSE)*(1+(Input!E40/10)),0)) | N48: =IF(Input!B40="","",IF(Input!B40="Group",1,0)) | O48: =IF(E48=1,VLOOKUP(Input!D40,Input!$A$11:$C$16,3,FALSE), MROUND(L48+M48+N48,0.25)) -> #VALUE! | P48: =IF(Input!H40="Defenseless",O48,0)*-1 -> 0 | Q48: =IF(Input!D40="","",VLOOKUP(Input!D40,$A$13:$AM$18,10,FALSE)+IF(K48="Block Success Rate",J48,0)) | R48: =IF(Input!H40="Block",IF(Input!I40=20,0,IF(Input!I40/20>=1-Q48,(1-VLOOKUP(Input!D40,$A$13:$Z$18,12,FALSE))*O48,(1-VLOOKUP(Input!D40,$A$13:$Z$18,14,FALSE))*O48))*-1,0) -> 0 | S48: =IF(Input!D40="","",VLOOKUP(Input!D40,$A$13:$AM$18,16,FALSE)+IF(K48="Dodge Success Rate",J48,0)) | T48: =IF(Input!H40="Dodge",IF(Input!I40=20,0,IF(Input!I40/20>=1-S48,(1-VLOOKUP(Input!D40,$A$13:$Z$18,18,FALSE))*VLOOKUP(A48,$A$31:$D$36,4,FALSE),(1-VLOOKUP(Input!D40,$A$13:$Z$18,20,FALSE))*O48))*-1,0) -> 0 | U48: =IF(Input!D40="","",VLOOKUP(Input!D40,$A$13:$AM$18,22,FALSE)+IF(K48="Parry Success Rate",J48,0)) | V48: =IF(Input!H40="Parry",IF(Input!I40=20,0,IF(Input!I40/20>=1-U48,(1-VLOOKUP(Input!D40,$A$13:$Z$18,24,FALSE))*O48,(1-VLOOKUP(Input!D40,$A$13:$Z$18,26,FALSE))*O48))*-1,0) -> 0 | W48: =IF(Input!H40="Block",Q48,IF(Input!H40="Dodge",S48,IF(Input!H40="Parry",U48,0))) -> 0 | X48: =IF(Input!H40="Defenseless",0,IF(Input!I40="","",IF(Input!I40/20>=1-W48,1,0))) | Y48: =IFERROR(MEDIAN(0,ROUND(P48+R48+T48+V48,-0.25)*-1,VLOOKUP(A48,$A$13:$B$18,2,FALSE))*-1,0) -> 0 | Z48: =ROUND(IF(AND(Input!H40="Dodge",X48=1),O48,O48+Y48),0.25) -> #VALUE! | AA48: =IFERROR(IF(AA65+VLOOKUP(Input!D40,$A$22:$E$27,5,FALSE)>6,6-VLOOKUP(Input!D40,$A$22:$E$27,5,FALSE),AA65),0) -> 0 | AB48: =IF(Z66>0,IF(Z66>VLOOKUP(A48,$A$13:$AM$18,2,FALSE)-VLOOKUP(A48,$A$13:$AM$18,3,FALSE),VLOOKUP(A48,$A$13:$AM$18,2,FALSE)-VLOOKUP(A48,$A$13:$AM$18,3,FALSE),Z66),Y66) -> 0 | AC48: =ROUND(P48+R48+T48+V48,-0.25) -> 0 | AD48: =IFERROR(IF(AD65+VLOOKUP(A48,$A$22:$E$27,5,FALSE)>6,6-VLOOKUP(A48,$A$22:$E$27,5,FALSE),AD65),0) -> 0 | AE48: =IF(Input!H40="Block",VLOOKUP(Input!D40,$A$13:$F$18,6,FALSE),"") | AF48: =IF(Input!H40="Block",IF(O48>AE48,(O48-AE48)/AE48,0),0) -> 0 | AG48: =IF(Input!J40="","",IF(Input!J40/20>=1-AF48,1,0))
A49: =Input!A41 -> 0 | B49: =IF(Input!A41="","",(VLOOKUP(VLOOKUP(Input!A41,Input!$A$3:$C$8,3,FALSE),$AB$59:$AC$68,2,FALSE)*10+VLOOKUP(VLOOKUP(Input!A41,Input!$A$3:$C$8,2,FALSE),$AB$71:$AC$80,2,FALSE))/10) | C49: =IF(Input!D41="","",(VLOOKUP(VLOOKUP(Input!D41,Input!$A$3:$C$8,3,FALSE),$AB$59:$AC$68,2,FALSE)*10+VLOOKUP(VLOOKUP(Input!D41,Input!$A$3:$C$8,2,FALSE),$AB$71:$AC$80,2,FALSE))/10) | D49: =IF(OR(Input!B41="Attack",Input!B41="Special",Input!B41="Group",Input!B41="Counter"),IF(AND(B49>C49,B49-C49>=0.5),((B49-C49)*3)/10,0),0) -> 0 | E49: =IF(Input!F41="","",IF(Input!F41/20>=1-D49,1,0)) | F49: =IF(Input!A41="","",IF(OR(Input!B41="Attack",Input!B41="Special",Input!B41="Group"),VLOOKUP(A49,$A$31:$D$36,3,FALSE),VLOOKUP(A49,$A$13:$H$18,8,FALSE))) | G49: =IF(Input!D41="","",VLOOKUP(Input!D41,$A$13:$H$18,8,FALSE)) | H49: =IF(G49="",0,IF(F49>G49,(F49-G49)/G49,0)) -> 0 | I49: =IF(Input!G41="","",IF(Input!G41/20>=1-H49,1,0)) | J49: =IF(A49="",0,IF(VLOOKUP(A49,$A$22:$I$27,9,FALSE)="Action",VLOOKUP(A49,$A$22:$I$27,7,FALSE),0)) -> #N/A | K49: =IF(J49=0,"",VLOOKUP(A49,$A$22:$I$27,8,FALSE)) -> #N/A | L49: =IF(Input!B41="","",IF(OR(Input!B41="Attack",Input!B41="Counter"),VLOOKUP(A49,$A$13:$AM$18,6,FALSE),0)) | M49: =IF(Input!B41="","",IF(Input!B41="Special",VLOOKUP(A49,$A$13:$AM$18,6,FALSE)*(1+(Input!E41/10)),0)) | N49: =IF(Input!B41="","",IF(Input!B41="Group",1,0)) | O49: =IF(E49=1,VLOOKUP(Input!D41,Input!$A$11:$C$16,3,FALSE), MROUND(L49+M49+N49,0.25)) -> #VALUE! | P49: =IF(Input!H41="Defenseless",O49,0)*-1 -> 0 | Q49: =IF(Input!D41="","",VLOOKUP(Input!D41,$A$13:$AM$18,10,FALSE)+IF(K49="Block Success Rate",J49,0)) | R49: =IF(Input!H41="Block",IF(Input!I41=20,0,IF(Input!I41/20>=1-Q49,(1-VLOOKUP(Input!D41,$A$13:$Z$18,12,FALSE))*O49,(1-VLOOKUP(Input!D41,$A$13:$Z$18,14,FALSE))*O49))*-1,0) -> 0 | S49: =IF(Input!D41="","",VLOOKUP(Input!D41,$A$13:$AM$18,16,FALSE)+IF(K49="Dodge Success Rate",J49,0)) | T49: =IF(Input!H41="Dodge",IF(Input!I41=20,0,IF(Input!I41/20>=1-S49,(1-VLOOKUP(Input!D41,$A$13:$Z$18,18,FALSE))*VLOOKUP(A49,$A$31:$D$36,4,FALSE),(1-VLOOKUP(Input!D41,$A$13:$Z$18,20,FALSE))*O49))*-1,0) -> 0 | U49: =IF(Input!D41="","",VLOOKUP(Input!D41,$A$13:$AM$18,22,FALSE)+IF(K49="Parry Success Rate",J49,0)) | V49: =IF(Input!H41="Parry",IF(Input!I41=20,0,IF(Input!I41/20>=1-U49,(1-VLOOKUP(Input!D41,$A$13:$Z$18,24,FALSE))*O49,(1-VLOOKUP(Input!D41,$A$13:$Z$18,26,FALSE))*O49))*-1,0) -> 0 | W49: =IF(Input!H41="Block",Q49,IF(Input!H41="Dodge",S49,IF(Input!H41="Parry",U49,0))) -> 0 | X49: =IF(Input!H41="Defenseless",0,IF(Input!I41="","",IF(Input!I41/20>=1-W49,1,0))) | Y49: =IFERROR(MEDIAN(0,ROUND(P49+R49+T49+V49,-0.25)*-1,VLOOKUP(A49,$A$13:$B$18,2,FALSE))*-1,0) -> 0 | Z49: =ROUND(IF(AND(Input!H41="Dodge",X49=1),O49,O49+Y49),0.25) -> #VALUE! | AA49: =IFERROR(IF(AA66+VLOOKUP(Input!D41,$A$22:$E$27,5,FALSE)>6,6-VLOOKUP(Input!D41,$A$22:$E$27,5,FALSE),AA66),0) -> 0 | AB49: =IF(Z67>0,IF(Z67>VLOOKUP(A49,$A$13:$AM$18,2,FALSE)-VLOOKUP(A49,$A$13:$AM$18,3,FALSE),VLOOKUP(A49,$A$13:$AM$18,2,FALSE)-VLOOKUP(A49,$A$13:$AM$18,3,FALSE),Z67),Y67) -> 0 | AC49: =ROUND(P49+R49+T49+V49,-0.25) -> 0 | AD49: =IFERROR(IF(AD66+VLOOKUP(A49,$A$22:$E$27,5,FALSE)>6,6-VLOOKUP(A49,$A$22:$E$27,5,FALSE),AD66),0) -> 0 | AE49: =IF(Input!H41="Block",VLOOKUP(Input!D41,$A$13:$F$18,6,FALSE),"") | AF49: =IF(Input!H41="Block",IF(O49>AE49,(O49-AE49)/AE49,0),0) -> 0 | AG49: =IF(Input!J41="","",IF(Input!J41/20>=1-AF49,1,0))
A50: =Input!A42 -> 0 | B50: =IF(Input!A42="","",(VLOOKUP(VLOOKUP(Input!A42,Input!$A$3:$C$8,3,FALSE),$AB$59:$AC$68,2,FALSE)*10+VLOOKUP(VLOOKUP(Input!A42,Input!$A$3:$C$8,2,FALSE),$AB$71:$AC$80,2,FALSE))/10) | C50: =IF(Input!D42="","",(VLOOKUP(VLOOKUP(Input!D42,Input!$A$3:$C$8,3,FALSE),$AB$59:$AC$68,2,FALSE)*10+VLOOKUP(VLOOKUP(Input!D42,Input!$A$3:$C$8,2,FALSE),$AB$71:$AC$80,2,FALSE))/10) | D50: =IF(OR(Input!B42="Attack",Input!B42="Special",Input!B42="Group",Input!B42="Counter"),IF(AND(B50>C50,B50-C50>=0.5),((B50-C50)*3)/10,0),0) -> 0 | E50: =IF(Input!F42="","",IF(Input!F42/20>=1-D50,1,0)) | F50: =IF(Input!A42="","",IF(OR(Input!B42="Attack",Input!B42="Special",Input!B42="Group"),VLOOKUP(A50,$A$31:$D$36,3,FALSE),VLOOKUP(A50,$A$13:$H$18,8,FALSE))) | G50: =IF(Input!D42="","",VLOOKUP(Input!D42,$A$13:$H$18,8,FALSE)) | H50: =IF(G50="",0,IF(F50>G50,(F50-G50)/G50,0)) -> 0 | I50: =IF(Input!G42="","",IF(Input!G42/20>=1-H50,1,0)) | J50: =IF(A50="",0,IF(VLOOKUP(A50,$A$22:$I$27,9,FALSE)="Action",VLOOKUP(A50,$A$22:$I$27,7,FALSE),0)) -> #N/A | K50: =IF(J50=0,"",VLOOKUP(A50,$A$22:$I$27,8,FALSE)) -> #N/A | L50: =IF(Input!B42="","",IF(OR(Input!B42="Attack",Input!B42="Counter"),VLOOKUP(A50,$A$13:$AM$18,6,FALSE),0)) | M50: =IF(Input!B42="","",IF(Input!B42="Special",VLOOKUP(A50,$A$13:$AM$18,6,FALSE)*(1+(Input!E42/10)),0)) | N50: =IF(Input!B42="","",IF(Input!B42="Group",1,0)) | O50: =IF(E50=1,VLOOKUP(Input!D42,Input!$A$11:$C$16,3,FALSE), MROUND(L50+M50+N50,0.25)) -> #VALUE! | P50: =IF(Input!H42="Defenseless",O50,0)*-1 -> 0 | Q50: =IF(Input!D42="","",VLOOKUP(Input!D42,$A$13:$AM$18,10,FALSE)+IF(K50="Block Success Rate",J50,0)) | R50: =IF(Input!H42="Block",IF(Input!I42=20,0,IF(Input!I42/20>=1-Q50,(1-VLOOKUP(Input!D42,$A$13:$Z$18,12,FALSE))*O50,(1-VLOOKUP(Input!D42,$A$13:$Z$18,14,FALSE))*O50))*-1,0) -> 0 | S50: =IF(Input!D42="","",VLOOKUP(Input!D42,$A$13:$AM$18,16,FALSE)+IF(K50="Dodge Success Rate",J50,0)) | T50: =IF(Input!H42="Dodge",IF(Input!I42=20,0,IF(Input!I42/20>=1-S50,(1-VLOOKUP(Input!D42,$A$13:$Z$18,18,FALSE))*VLOOKUP(A50,$A$31:$D$36,4,FALSE),(1-VLOOKUP(Input!D42,$A$13:$Z$18,20,FALSE))*O50))*-1,0) -> 0 | U50: =IF(Input!D42="","",VLOOKUP(Input!D42,$A$13:$AM$18,22,FALSE)+IF(K50="Parry Success Rate",J50,0)) | V50: =IF(Input!H42="Parry",IF(Input!I42=20,0,IF(Input!I42/20>=1-U50,(1-VLOOKUP(Input!D42,$A$13:$Z$18,24,FALSE))*O50,(1-VLOOKUP(Input!D42,$A$13:$Z$18,26,FALSE))*O50))*-1,0) -> 0 | W50: =IF(Input!H42="Block",Q50,IF(Input!H42="Dodge",S50,IF(Input!H42="Parry",U50,0))) -> 0 | X50: =IF(Input!H42="Defenseless",0,IF(Input!I42="","",IF(Input!I42/20>=1-W50,1,0))) | Y50: =IFERROR(MEDIAN(0,ROUND(P50+R50+T50+V50,-0.25)*-1,VLOOKUP(A50,$A$13:$B$18,2,FALSE))*-1,0) -> 0 | Z50: =ROUND(IF(AND(Input!H42="Dodge",X50=1),O50,O50+Y50),0.25) -> #VALUE! | AA50: =IFERROR(IF(AA67+VLOOKUP(Input!D42,$A$22:$E$27,5,FALSE)>6,6-VLOOKUP(Input!D42,$A$22:$E$27,5,FALSE),AA67),0) -> 0 | AB50: =IF(Z68>0,IF(Z68>VLOOKUP(A50,$A$13:$AM$18,2,FALSE)-VLOOKUP(A50,$A$13:$AM$18,3,FALSE),VLOOKUP(A50,$A$13:$AM$18,2,FALSE)-VLOOKUP(A50,$A$13:$AM$18,3,FALSE),Z68),Y68) -> 0 | AC50: =ROUND(P50+R50+T50+V50,-0.25) -> 0 | AD50: =IFERROR(IF(AD67+VLOOKUP(A50,$A$22:$E$27,5,FALSE)>6,6-VLOOKUP(A50,$A$22:$E$27,5,FALSE),AD67),0) -> 0 | AE50: =IF(Input!H42="Block",VLOOKUP(Input!D42,$A$13:$F$18,6,FALSE),"") | AF50: =IF(Input!H42="Block",IF(O50>AE50,(O50-AE50)/AE50,0),0) -> 0 | AG50: =IF(Input!J42="","",IF(Input!J42/20>=1-AF50,1,0))
A51: =Input!A43 -> 0 | B51: =IF(Input!A43="","",(VLOOKUP(VLOOKUP(Input!A43,Input!$A$3:$C$8,3,FALSE),$AB$59:$AC$68,2,FALSE)*10+VLOOKUP(VLOOKUP(Input!A43,Input!$A$3:$C$8,2,FALSE),$AB$71:$AC$80,2,FALSE))/10) | C51: =IF(Input!D43="","",(VLOOKUP(VLOOKUP(Input!D43,Input!$A$3:$C$8,3,FALSE),$AB$59:$AC$68,2,FALSE)*10+VLOOKUP(VLOOKUP(Input!D43,Input!$A$3:$C$8,2,FALSE),$AB$71:$AC$80,2,FALSE))/10) | D51: =IF(OR(Input!B43="Attack",Input!B43="Special",Input!B43="Group",Input!B43="Counter"),IF(AND(B51>C51,B51-C51>=0.5),((B51-C51)*3)/10,0),0) -> 0 | E51: =IF(Input!F43="","",IF(Input!F43/20>=1-D51,1,0)) | F51: =IF(Input!A43="","",IF(OR(Input!B43="Attack",Input!B43="Special",Input!B43="Group"),VLOOKUP(A51,$A$31:$D$36,3,FALSE),VLOOKUP(A51,$A$13:$H$18,8,FALSE))) | G51: =IF(Input!D43="","",VLOOKUP(Input!D43,$A$13:$H$18,8,FALSE)) | H51: =IF(G51="",0,IF(F51>G51,(F51-G51)/G51,0)) -> 0 | I51: =IF(Input!G43="","",IF(Input!G43/20>=1-H51,1,0)) | J51: =IF(A51="",0,IF(VLOOKUP(A51,$A$22:$I$27,9,FALSE)="Action",VLOOKUP(A51,$A$22:$I$27,7,FALSE),0)) -> #N/A | K51: =IF(J51=0,"",VLOOKUP(A51,$A$22:$I$27,8,FALSE)) -> #N/A | L51: =IF(Input!B43="","",IF(OR(Input!B43="Attack",Input!B43="Counter"),VLOOKUP(A51,$A$13:$AM$18,6,FALSE),0)) | M51: =IF(Input!B43="","",IF(Input!B43="Special",VLOOKUP(A51,$A$13:$AM$18,6,FALSE)*(1+(Input!E43/10)),0)) | N51: =IF(Input!B43="","",IF(Input!B43="Group",1,0)) | O51: =IF(E51=1,VLOOKUP(Input!D43,Input!$A$11:$C$16,3,FALSE), MROUND(L51+M51+N51,0.25)) -> #VALUE! | P51: =IF(Input!H43="Defenseless",O51,0)*-1 -> 0 | Q51: =IF(Input!D43="","",VLOOKUP(Input!D43,$A$13:$AM$18,10,FALSE)+IF(K51="Block Success Rate",J51,0)) | R51: =IF(Input!H43="Block",IF(Input!I43=20,0,IF(Input!I43/20>=1-Q51,(1-VLOOKUP(Input!D43,$A$13:$Z$18,12,FALSE))*O51,(1-VLOOKUP(Input!D43,$A$13:$Z$18,14,FALSE))*O51))*-1,0) -> 0 | S51: =IF(Input!D43="","",VLOOKUP(Input!D43,$A$13:$AM$18,16,FALSE)+IF(K51="Dodge Success Rate",J51,0)) | T51: =IF(Input!H43="Dodge",IF(Input!I43=20,0,IF(Input!I43/20>=1-S51,(1-VLOOKUP(Input!D43,$A$13:$Z$18,18,FALSE))*VLOOKUP(A51,$A$31:$D$36,4,FALSE),(1-VLOOKUP(Input!D43,$A$13:$Z$18,20,FALSE))*O51))*-1,0) -> 0 | U51: =IF(Input!D43="","",VLOOKUP(Input!D43,$A$13:$AM$18,22,FALSE)+IF(K51="Parry Success Rate",J51,0)) | V51: =IF(Input!H43="Parry",IF(Input!I43=20,0,IF(Input!I43/20>=1-U51,(1-VLOOKUP(Input!D43,$A$13:$Z$18,24,FALSE))*O51,(1-VLOOKUP(Input!D43,$A$13:$Z$18,26,FALSE))*O51))*-1,0) -> 0 | W51: =IF(Input!H43="Block",Q51,IF(Input!H43="Dodge",S51,IF(Input!H43="Parry",U51,0))) -> 0 | X51: =IF(Input!H43="Defenseless",0,IF(Input!I43="","",IF(Input!I43/20>=1-W51,1,0))) | Y51: =IFERROR(MEDIAN(0,ROUND(P51+R51+T51+V51,-0.25)*-1,VLOOKUP(A51,$A$13:$B$18,2,FALSE))*-1,0) -> 0 | Z51: =ROUND(IF(AND(Input!H43="Dodge",X51=1),O51,O51+Y51),0.25) -> #VALUE! | AA51: =IFERROR(IF(AA68+VLOOKUP(Input!D43,$A$22:$E$27,5,FALSE)>6,6-VLOOKUP(Input!D43,$A$22:$E$27,5,FALSE),AA68),0) -> 0 | AB51: =IF(Z69>0,IF(Z69>VLOOKUP(A51,$A$13:$AM$18,2,FALSE)-VLOOKUP(A51,$A$13:$AM$18,3,FALSE),VLOOKUP(A51,$A$13:$AM$18,2,FALSE)-VLOOKUP(A51,$A$13:$AM$18,3,FALSE),Z69),Y69) -> 0 | AC51: =ROUND(P51+R51+T51+V51,-0.25) -> 0 | AD51: =IFERROR(IF(AD68+VLOOKUP(A51,$A$22:$E$27,5,FALSE)>6,6-VLOOKUP(A51,$A$22:$E$27,5,FALSE),AD68),0) -> 0 | AE51: =IF(Input!H43="Block",VLOOKUP(Input!D43,$A$13:$F$18,6,FALSE),"") | AF51: =IF(Input!H43="Block",IF(O51>AE51,(O51-AE51)/AE51,0),0) -> 0 | AG51: =IF(Input!J43="","",IF(Input!J43/20>=1-AF51,1,0))
... A54: =Input!A46 -> 0 | B54: =IF(Input!A46="","",(VLOOKUP(VLOOKUP(Input!A46,Input!$A$3:$C$8,3,FALSE),$AB$59:$AC$68,2,FALSE)*10+VLOOKUP(VLOOKUP(Input!A46,Input!$A$3:$C$8,2,FALSE),$AB$71:$AC$80,2,FALSE))/10) | C54: =IF(Input!D46="","",(VLOOKUP(VLOOKUP(Input!D46,Input!$A$3:$C$8,3,FALSE),$AB$59:$AC$68,2,FALSE)*10+VLOOKUP(VLOOKUP(Input!D46,Input!$A$3:$C$8,2,FALSE),$AB$71:$AC$80,2,FALSE))/10) | D54: =IF(OR(Input!B46="Attack",Input!B46="Special",Input!B46="Group",Input!B46="Counter"),IF(AND(B54>C54,B54-C54>=0.5),((B54-C54)*3)/10,0),0) -> 0 | E54: =IF(Input!F46="","",IF(Input!F46/20>=1-D54,1,0)) | F54: =IF(Input!A46="","",IF(OR(Input!B46="Attack",Input!B46="Special",Input!B46="Group"),VLOOKUP(A54,$A$31:$D$36,3,FALSE),VLOOKUP(A54,$A$13:$H$18,8,FALSE))) | G54: =IF(Input!D46="","",VLOOKUP(Input!D46,$A$13:$H$18,8,FALSE)) | H54: =IF(G54="",0,IF(F54>G54,(F54-G54)/G54,0)) -> 0 | I54: =IF(Input!G46="","",IF(Input!G46/20>=1-H54,1,0)) | J54: =IF(A54="",0,IF(VLOOKUP(A54,$A$22:$I$27,9,FALSE)="Action",VLOOKUP(A54,$A$22:$I$27,7,FALSE),0)) -> #N/A | K54: =IF(J54=0,"",VLOOKUP(A54,$A$22:$I$27,8,FALSE)) -> #N/A | L54: =IF(Input!B46="","",IF(OR(Input!B46="Attack",Input!B46="Counter"),VLOOKUP(A54,$A$13:$AM$18,6,FALSE),0)) | M54: =IF(Input!B46="","",IF(Input!B46="Special",VLOOKUP(A54,$A$13:$AM$18,6,FALSE)*(1+(Input!E46/10)),0)) | N54: =IF(Input!B46="","",IF(Input!B46="Group",1,0)) | O54: =IF(E54=1,VLOOKUP(Input!D46,Input!$A$11:$C$16,3,FALSE), MROUND(L54+M54+N54,0.25)) -> #VALUE! | P54: =IF(Input!H46="Defenseless",O54,0)*-1 -> 0 | Q54: =IF(Input!D46="","",VLOOKUP(Input!D46,$A$13:$AM$18,10,FALSE)+IF(K54="Block Success Rate",J54,0)) | R54: =IF(Input!H46="Block",IF(Input!I46=20,0,IF(Input!I46/20>=1-Q54,(1-VLOOKUP(Input!D46,$A$13:$Z$18,12,FALSE))*O54,(1-VLOOKUP(Input!D46,$A$13:$Z$18,14,FALSE))*O54))*-1,0) -> 0 | S54: =IF(Input!D46="","",VLOOKUP(Input!D46,$A$13:$AM$18,16,FALSE)+IF(K54="Dodge Success Rate",J54,0)) | T54: =IF(Input!H46="Dodge",IF(Input!I46=20,0,IF(Input!I46/20>=1-S54,(1-VLOOKUP(Input!D46,$A$13:$Z$18,18,FALSE))*VLOOKUP(A54,$A$31:$D$36,4,FALSE),(1-VLOOKUP(Input!D46,$A$13:$Z$18,20,FALSE))*O54))*-1,0) -> 0 | U54: =IF(Input!D46="","",VLOOKUP(Input!D46,$A$13:$AM$18,22,FALSE)+IF(K54="Parry Success Rate",J54,0)) | V54: =IF(Input!H46="Parry",IF(Input!I46=20,0,IF(Input!I46/20>=1-U54,(1-VLOOKUP(Input!D46,$A$13:$Z$18,24,FALSE))*O54,(1-VLOOKUP(Input!D46,$A$13:$Z$18,26,FALSE))*O54))*-1,0) -> 0 | W54: =IF(Input!H46="Block",Q54,IF(Input!H46="Dodge",S54,IF(Input!H46="Parry",U54,0))) -> 0 | X54: =IF(Input!H46="Defenseless",0,IF(Input!I46="","",IF(Input!I46/20>=1-W54,1,0))) | Y54: =IFERROR(MEDIAN(0,ROUND(P54+R54+T54+V54,-0.25)*-1,VLOOKUP(A54,$A$13:$B$18,2,FALSE))*-1,0) -> 0 | Z54: =ROUND(IF(AND(Input!H46="Dodge",X54=1),O54,O54+Y54),0.25) -> #VALUE! | AA54: =IFERROR(IF(AA71+VLOOKUP(Input!D46,$A$22:$E$27,5,FALSE)>6,6-VLOOKUP(Input!D46,$A$22:$E$27,5,FALSE),AA71),0) -> 0 | AB54: =IF(Z72>0,IF(Z72>VLOOKUP(A54,$A$13:$AM$18,2,FALSE)-VLOOKUP(A54,$A$13:$AM$18,3,FALSE),VLOOKUP(A54,$A$13:$AM$18,2,FALSE)-VLOOKUP(A54,$A$13:$AM$18,3,FALSE),Z72),Y72) -> 0 | AC54: =ROUND(P54+R54+T54+V54,-0.25) -> 0 | AD54: =IFERROR(IF(AD71+VLOOKUP(A54,$A$22:$E$27,5,FALSE)>6,6-VLOOKUP(A54,$A$22:$E$27,5,FALSE),AD71),0) -> 0 | AE54: =IF(Input!H46="Block",VLOOKUP(Input!D46,$A$13:$F$18,6,FALSE),"") | AF54: =IF(Input!H46="Block",IF(O54>AE54,(O54-AE54)/AE54,0),0) -> 0 | AG54: =IF(Input!J46="","",IF(Input!J46/20>=1-AF54,1,0))
A56: Party Rank | Y56: Actor Stamina Change | AA56: Target Event Gains | AD56: Actor Event Gains
A57: =ROUNDDOWN('Battle Log'!H2/1000+1,1) -> 1 | Y57: Attacking | Z57: Evasion | AA57: =IF(X40=1,Paths!$M$12+VLOOKUP(Input!D32,$A$22:$N$27,13,FALSE),IF(X40=0,Paths!$M$13+VLOOKUP(Input!D32,$A$22:$N$27,13,FALSE),0)) -> 0 | AD57: =IF(Input!B32="Special",0,IF(X40=1,Paths!$M$10+VLOOKUP(A40,$A$22:$N$27,13,FALSE),IF(X40=0,Paths!$M$11+VLOOKUP(A40,$A$22:$N$27,13,FALSE),0))) -> 0 | AE57: Stat Modifiers
L58: Applied to Self Rate | M58: Applied to Self Effect | Y58: =ROUND(IF(Input!B32="",0,IF(OR(Input!B32="Attack",Input!B32="Counter"),VLOOKUP(A40,$A$13:$AM$18,30,FALSE)*VLOOKUP(A40,$A$13:$AM$18,6,FALSE),IF(Input!B32="Special",VLOOKUP(A40,$A$13:$AM$18,32,FALSE)*VLOOKUP(A40,$A$13:$AM$18,6,FALSE),IF(Input!B32="Group",VLOOKUP(A40,$A$13:$AM$18,34,FALSE)*VLOOKUP(A40,$A$13:$AM$18,6,FALSE),0)*VLOOKUP(A40,$A$13:$AM$18,4,FALSE)))*-1),0.25) -> 0 | Z58: =IF(Input!B32="",0,IF(Input!B32="Evade",(VLOOKUP(A40,$A$13:$AM$18,28,FALSE)*VLOOKUP(A40,$A$13:$AM$18,2,FALSE)),0)) -> 0 | AA58: =IF(X41=1,Paths!$M$12+VLOOKUP(Input!D33,$A$22:$N$27,13,FALSE),IF(X41=0,Paths!$M$13+VLOOKUP(Input!D33,$A$22:$N$27,13,FALSE),0)) -> 0 | AB58: Rank Name | AC58: Rank Number | AD58: =IF(Input!B33="Special",0,IF(X41=1,Paths!$M$10+VLOOKUP(A41,$A$22:$N$27,13,FALSE),IF(X41=0,Paths!$M$11+VLOOKUP(A41,$A$22:$N$27,13,FALSE),0))) -> 0 | AE58: Stamina Consumption Modifier
L59: =IF(Input!D51="",0,IF(VLOOKUP(Input!D51,$A$22:$I$27,7,FALSE)="Self",VLOOKUP(Input!D51,$A$22:$I$27,5,FALSE),0)) -> #N/A | M59: =IF(L59=0,"",VLOOKUP(Input!D51,$A$22:$I$27,6,FALSE)) -> #N/A | Y59: =ROUND(IF(Input!B33="",0,IF(OR(Input!B33="Attack",Input!B33="Counter"),VLOOKUP(A41,$A$13:$AM$18,30,FALSE)*VLOOKUP(A41,$A$13:$AM$18,6,FALSE),IF(Input!B33="Special",VLOOKUP(A41,$A$13:$AM$18,32,FALSE)*VLOOKUP(A41,$A$13:$AM$18,6,FALSE),IF(Input!B33="Group",VLOOKUP(A41,$A$13:$AM$18,34,FALSE)*VLOOKUP(A41,$A$13:$AM$18,6,FALSE),0)*VLOOKUP(A41,$A$13:$AM$18,4,FALSE)))*-1),0.25) -> 0 | Z59: =IF(Input!B33="",0,IF(Input!B33="Evade",(VLOOKUP(A41,$A$13:$AM$18,28,FALSE)*VLOOKUP(A41,$A$13:$AM$18,2,FALSE)),0)) -> 0 | AA59: =IF(X42=1,Paths!$M$12+VLOOKUP(Input!D34,$A$22:$N$27,13,FALSE),IF(X42=0,Paths!$M$13+VLOOKUP(Input!D34,$A$22:$N$27,13,FALSE),0)) -> 0 | AB59: Stone | AC59: 1 | AD59: =IF(Input!B34="Special",0,IF(X42=1,Paths!$M$10+VLOOKUP(A42,$A$22:$N$27,13,FALSE),IF(X42=0,Paths!$M$11+VLOOKUP(A42,$A$22:$N$27,13,FALSE),0))) -> 0 | AE59: Power Modifier
L60: =IF(Input!D52="",0,IF(VLOOKUP(Input!D52,$A$22:$I$27,7,FALSE)="Self",VLOOKUP(Input!D52,$A$22:$I$27,5,FALSE),0)) -> #N/A | M60: =IF(L60=0,"",VLOOKUP(Input!D52,$A$22:$I$27,6,FALSE)) -> #N/A | Y60: =ROUND(IF(Input!B34="",0,IF(OR(Input!B34="Attack",Input!B34="Counter"),VLOOKUP(A42,$A$13:$AM$18,30,FALSE)*VLOOKUP(A42,$A$13:$AM$18,6,FALSE),IF(Input!B34="Special",VLOOKUP(A42,$A$13:$AM$18,32,FALSE)*VLOOKUP(A42,$A$13:$AM$18,6,FALSE),IF(Input!B34="Group",VLOOKUP(A42,$A$13:$AM$18,34,FALSE)*VLOOKUP(A42,$A$13:$AM$18,6,FALSE),0)*VLOOKUP(A42,$A$13:$AM$18,4,FALSE)))*-1),0.25) -> 0 | Z60: =IF(Input!B34="",0,IF(Input!B34="Evade",(VLOOKUP(A42,$A$13:$AM$18,28,FALSE)*VLOOKUP(A42,$A$13:$AM$18,2,FALSE)),0)) -> 0 | AA60: =IF(X43=1,Paths!$M$12+VLOOKUP(Input!D35,$A$22:$N$27,13,FALSE),IF(X43=0,Paths!$M$13+VLOOKUP(Input!D35,$A$22:$N$27,13,FALSE),0)) -> 0 | AB60: Iron | AC60: 2 | AD60: =IF(Input!B35="Special",0,IF(X43=1,Paths!$M$10+VLOOKUP(A43,$A$22:$N$27,13,FALSE),IF(X43=0,Paths!$M$11+VLOOKUP(A43,$A$22:$N$27,13,FALSE),0))) -> 0 | AE60: Speed Modifier
L61: =IF(Input!D53="",0,IF(VLOOKUP(Input!D53,$A$22:$I$27,7,FALSE)="Self",VLOOKUP(Input!D53,$A$22:$I$27,5,FALSE),0)) -> #N/A | M61: =IF(L61=0,"",VLOOKUP(Input!D53,$A$22:$I$27,6,FALSE)) -> #N/A | Y61: =ROUND(IF(Input!B35="",0,IF(OR(Input!B35="Attack",Input!B35="Counter"),VLOOKUP(A43,$A$13:$AM$18,30,FALSE)*VLOOKUP(A43,$A$13:$AM$18,6,FALSE),IF(Input!B35="Special",VLOOKUP(A43,$A$13:$AM$18,32,FALSE)*VLOOKUP(A43,$A$13:$AM$18,6,FALSE),IF(Input!B35="Group",VLOOKUP(A43,$A$13:$AM$18,34,FALSE)*VLOOKUP(A43,$A$13:$AM$18,6,FALSE),0)*VLOOKUP(A43,$A$13:$AM$18,4,FALSE)))*-1),0.25) -> 0 | Z61: =IF(Input!B35="",0,IF(Input!B35="Evade",(VLOOKUP(A43,$A$13:$AM$18,28,FALSE)*VLOOKUP(A43,$A$13:$AM$18,2,FALSE)),0)) -> 0 | AA61: =IF(X44=1,Paths!$M$12+VLOOKUP(Input!D36,$A$22:$N$27,13,FALSE),IF(X44=0,Paths!$M$13+VLOOKUP(Input!D36,$A$22:$N$27,13,FALSE),0)) -> 0 | AB61: Bronze | AC61: 3 | AD61: =IF(Input!B36="Special",0,IF(X44=1,Paths!$M$10+VLOOKUP(A44,$A$22:$N$27,13,FALSE),IF(X44=0,Paths!$M$11+VLOOKUP(A44,$A$22:$N$27,13,FALSE),0))) -> 0 | AE61: Block Success Rate Modifier
L62: =IF(Input!D54="",0,IF(VLOOKUP(Input!D54,$A$22:$I$27,7,FALSE)="Self",VLOOKUP(Input!D54,$A$22:$I$27,5,FALSE),0)) -> #N/A | M62: =IF(L62=0,"",VLOOKUP(Input!D54,$A$22:$I$27,6,FALSE)) -> #N/A | Y62: =ROUND(IF(Input!B36="",0,IF(OR(Input!B36="Attack",Input!B36="Counter"),VLOOKUP(A44,$A$13:$AM$18,30,FALSE)*VLOOKUP(A44,$A$13:$AM$18,6,FALSE),IF(Input!B36="Special",VLOOKUP(A44,$A$13:$AM$18,32,FALSE)*VLOOKUP(A44,$A$13:$AM$18,6,FALSE),IF(Input!B36="Group",VLOOKUP(A44,$A$13:$AM$18,34,FALSE)*VLOOKUP(A44,$A$13:$AM$18,6,FALSE),0)*VLOOKUP(A44,$A$13:$AM$18,4,FALSE)))*-1),0.25) -> 0 | Z62: =IF(Input!B36="",0,IF(Input!B36="Evade",(VLOOKUP(A44,$A$13:$AM$18,28,FALSE)*VLOOKUP(A44,$A$13:$AM$18,2,FALSE)),0)) -> 0 | AA62: =IF(X45=1,Paths!$M$12+VLOOKUP(Input!D37,$A$22:$N$27,13,FALSE),IF(X45=0,Paths!$M$13+VLOOKUP(Input!D37,$A$22:$N$27,13,FALSE),0)) -> 0 | AB62: Silver | AC62: 4 | AD62: =IF(Input!B37="Special",0,IF(X45=1,Paths!$M$10+VLOOKUP(A45,$A$22:$N$27,13,FALSE),IF(X45=0,Paths!$M$11+VLOOKUP(A45,$A$22:$N$27,13,FALSE),0))) -> 0 | AE62: =M12 -> Block Success Mitigation Rate Modifier
L63: =IF(Input!D55="",0,IF(VLOOKUP(Input!D55,$A$22:$I$27,7,FALSE)="Self",VLOOKUP(Input!D55,$A$22:$I$27,5,FALSE),0)) -> #N/A | M63: =IF(L63=0,"",VLOOKUP(Input!D55,$A$22:$I$27,6,FALSE)) -> #N/A | Y63: =ROUND(IF(Input!B37="",0,IF(OR(Input!B37="Attack",Input!B37="Counter"),VLOOKUP(A45,$A$13:$AM$18,30,FALSE)*VLOOKUP(A45,$A$13:$AM$18,6,FALSE),IF(Input!B37="Special",VLOOKUP(A45,$A$13:$AM$18,32,FALSE)*VLOOKUP(A45,$A$13:$AM$18,6,FALSE),IF(Input!B37="Group",VLOOKUP(A45,$A$13:$AM$18,34,FALSE)*VLOOKUP(A45,$A$13:$AM$18,6,FALSE),0)*VLOOKUP(A45,$A$13:$AM$18,4,FALSE)))*-1),0.25) -> 0 | Z63: =IF(Input!B37="",0,IF(Input!B37="Evade",(VLOOKUP(A45,$A$13:$AM$18,28,FALSE)*VLOOKUP(A45,$A$13:$AM$18,2,FALSE)),0)) -> 0 | AA63: =IF(X46=1,Paths!$M$12+VLOOKUP(Input!D38,$A$22:$N$27,13,FALSE),IF(X46=0,Paths!$M$13+VLOOKUP(Input!D38,$A$22:$N$27,13,FALSE),0)) -> 0 | AB63: Gold | AC63: 5 | AD63: =IF(Input!B38="Special",0,IF(X46=1,Paths!$M$10+VLOOKUP(A46,$A$22:$N$27,13,FALSE),IF(X46=0,Paths!$M$11+VLOOKUP(A46,$A$22:$N$27,13,FALSE),0))) -> 0 | AE63: Block Fail Mitigation Rate Modifier
L64: =IF(Input!D56="",0,IF(VLOOKUP(Input!D56,$A$22:$I$27,7,FALSE)="Self",VLOOKUP(Input!D56,$A$22:$I$27,5,FALSE),0)) -> #N/A | M64: =IF(L64=0,"",VLOOKUP(Input!D56,$A$22:$I$27,6,FALSE)) -> #N/A | Y64: =ROUND(IF(Input!B38="",0,IF(OR(Input!B38="Attack",Input!B38="Counter"),VLOOKUP(A46,$A$13:$AM$18,30,FALSE)*VLOOKUP(A46,$A$13:$AM$18,6,FALSE),IF(Input!B38="Special",VLOOKUP(A46,$A$13:$AM$18,32,FALSE)*VLOOKUP(A46,$A$13:$AM$18,6,FALSE),IF(Input!B38="Group",VLOOKUP(A46,$A$13:$AM$18,34,FALSE)*VLOOKUP(A46,$A$13:$AM$18,6,FALSE),0)*VLOOKUP(A46,$A$13:$AM$18,4,FALSE)))*-1),0.25) -> 0 | Z64: =IF(Input!B38="",0,IF(Input!B38="Evade",(VLOOKUP(A46,$A$13:$AM$18,28,FALSE)*VLOOKUP(A46,$A$13:$AM$18,2,FALSE)),0)) -> 0 | AA64: =IF(X47=1,Paths!$M$12+VLOOKUP(Input!D39,$A$22:$N$27,13,FALSE),IF(X47=0,Paths!$M$13+VLOOKUP(Input!D39,$A$22:$N$27,13,FALSE),0)) -> 0 | AB64: Platinum | AC64: 6 | AD64: =IF(Input!B39="Special",0,IF(X47=1,Paths!$M$10+VLOOKUP(A47,$A$22:$N$27,13,FALSE),IF(X47=0,Paths!$M$11+VLOOKUP(A47,$A$22:$N$27,13,FALSE),0))) -> 0 | AE64: Dodge Success Rate Modifier
L65: =IF(Input!D57="",0,IF(VLOOKUP(Input!D57,$A$22:$I$27,7,FALSE)="Self",VLOOKUP(Input!D57,$A$22:$I$27,5,FALSE),0)) -> #N/A | M65: =IF(L65=0,"",VLOOKUP(Input!D57,$A$22:$I$27,6,FALSE)) -> #N/A | Y65: =ROUND(IF(Input!B39="",0,IF(OR(Input!B39="Attack",Input!B39="Counter"),VLOOKUP(A47,$A$13:$AM$18,30,FALSE)*VLOOKUP(A47,$A$13:$AM$18,6,FALSE),IF(Input!B39="Special",VLOOKUP(A47,$A$13:$AM$18,32,FALSE)*VLOOKUP(A47,$A$13:$AM$18,6,FALSE),IF(Input!B39="Group",VLOOKUP(A47,$A$13:$AM$18,34,FALSE)*VLOOKUP(A47,$A$13:$AM$18,6,FALSE),0)*VLOOKUP(A47,$A$13:$AM$18,4,FALSE)))*-1),0.25) -> 0 | Z65: =IF(Input!B39="",0,IF(Input!B39="Evade",(VLOOKUP(A47,$A$13:$AM$18,28,FALSE)*VLOOKUP(A47,$A$13:$AM$18,2,FALSE)),0)) -> 0 | AA65: =IF(X48=1,Paths!$M$12+VLOOKUP(Input!D40,$A$22:$N$27,13,FALSE),IF(X48=0,Paths!$M$13+VLOOKUP(Input!D40,$A$22:$N$27,13,FALSE),0)) -> 0 | AB65: Diamond | AC65: 7 | AD65: =IF(Input!B40="Special",0,IF(X48=1,Paths!$M$10+VLOOKUP(A48,$A$22:$N$27,13,FALSE),IF(X48=0,Paths!$M$11+VLOOKUP(A48,$A$22:$N$27,13,FALSE),0))) -> 0 | AE65: Dodge Success Mitigation Rate Modifier
L66: =IF(Input!D58="",0,IF(VLOOKUP(Input!D58,$A$22:$I$27,7,FALSE)="Self",VLOOKUP(Input!D58,$A$22:$I$27,5,FALSE),0)) -> #N/A | M66: =IF(L66=0,"",VLOOKUP(Input!D58,$A$22:$I$27,6,FALSE)) -> #N/A | Y66: =ROUND(IF(Input!B40="",0,IF(OR(Input!B40="Attack",Input!B40="Counter"),VLOOKUP(A48,$A$13:$AM$18,30,FALSE)*VLOOKUP(A48,$A$13:$AM$18,6,FALSE),IF(Input!B40="Special",VLOOKUP(A48,$A$13:$AM$18,32,FALSE)*VLOOKUP(A48,$A$13:$AM$18,6,FALSE),IF(Input!B40="Group",VLOOKUP(A48,$A$13:$AM$18,34,FALSE)*VLOOKUP(A48,$A$13:$AM$18,6,FALSE),0)*VLOOKUP(A48,$A$13:$AM$18,4,FALSE)))*-1),0.25) -> 0 | Z66: =IF(Input!B40="",0,IF(Input!B40="Evade",(VLOOKUP(A48,$A$13:$AM$18,28,FALSE)*VLOOKUP(A48,$A$13:$AM$18,2,FALSE)),0)) -> 0 | AA66: =IF(X49=1,Paths!$M$12+VLOOKUP(Input!D41,$A$22:$N$27,13,FALSE),IF(X49=0,Paths!$M$13+VLOOKUP(Input!D41,$A$22:$N$27,13,FALSE),0)) -> 0 | AB66: Master | AC66: 8 | AD66: =IF(Input!B41="Special",0,IF(X49=1,Paths!$M$10+VLOOKUP(A49,$A$22:$N$27,13,FALSE),IF(X49=0,Paths!$M$11+VLOOKUP(A49,$A$22:$N$27,13,FALSE),0))) -> 0 | AE66: Dodge Fail Mitigation Rate Modifier
L67: =IF(Input!D59="",0,IF(VLOOKUP(Input!D59,$A$22:$I$27,7,FALSE)="Self",VLOOKUP(Input!D59,$A$22:$I$27,5,FALSE),0)) -> #N/A | M67: =IF(L67=0,"",VLOOKUP(Input!D59,$A$22:$I$27,6,FALSE)) -> #N/A | Y67: =ROUND(IF(Input!B41="",0,IF(OR(Input!B41="Attack",Input!B41="Counter"),VLOOKUP(A49,$A$13:$AM$18,30,FALSE)*VLOOKUP(A49,$A$13:$AM$18,6,FALSE),IF(Input!B41="Special",VLOOKUP(A49,$A$13:$AM$18,32,FALSE)*VLOOKUP(A49,$A$13:$AM$18,6,FALSE),IF(Input!B41="Group",VLOOKUP(A49,$A$13:$AM$18,34,FALSE)*VLOOKUP(A49,$A$13:$AM$18,6,FALSE),0)*VLOOKUP(A49,$A$13:$AM$18,4,FALSE)))*-1),0.25) -> 0 | Z67: =IF(Input!B41="",0,IF(Input!B41="Evade",(VLOOKUP(A49,$A$13:$AM$18,28,FALSE)*VLOOKUP(A49,$A$13:$AM$18,2,FALSE)),0)) -> 0 | AA67: =IF(X50=1,Paths!$M$12+VLOOKUP(Input!D42,$A$22:$N$27,13,FALSE),IF(X50=0,Paths!$M$13+VLOOKUP(Input!D42,$A$22:$N$27,13,FALSE),0)) -> 0 | AB67: Grand Master | AC67: 9 | AD67: =IF(Input!B42="Special",0,IF(X50=1,Paths!$M$10+VLOOKUP(A50,$A$22:$N$27,13,FALSE),IF(X50=0,Paths!$M$11+VLOOKUP(A50,$A$22:$N$27,13,FALSE),0))) -> 0 | AE67: Parry Success Rate Modifier
L68: =IF(Input!D60="",0,IF(VLOOKUP(Input!D60,$A$22:$I$27,7,FALSE)="Self",VLOOKUP(Input!D60,$A$22:$I$27,5,FALSE),0)) -> #N/A | M68: =IF(L68=0,"",VLOOKUP(Input!D60,$A$22:$I$27,6,FALSE)) -> #N/A | Y68: =ROUND(IF(Input!B42="",0,IF(OR(Input!B42="Attack",Input!B42="Counter"),VLOOKUP(A50,$A$13:$AM$18,30,FALSE)*VLOOKUP(A50,$A$13:$AM$18,6,FALSE),IF(Input!B42="Special",VLOOKUP(A50,$A$13:$AM$18,32,FALSE)*VLOOKUP(A50,$A$13:$AM$18,6,FALSE),IF(Input!B42="Group",VLOOKUP(A50,$A$13:$AM$18,34,FALSE)*VLOOKUP(A50,$A$13:$AM$18,6,FALSE),0)*VLOOKUP(A50,$A$13:$AM$18,4,FALSE)))*-1),0.25) -> 0 | Z68: =IF(Input!B42="",0,IF(Input!B42="Evade",(VLOOKUP(A50,$A$13:$AM$18,28,FALSE)*VLOOKUP(A50,$A$13:$AM$18,2,FALSE)),0)) -> 0 | AA68: =IF(X51=1,Paths!$M$12+VLOOKUP(Input!D43,$A$22:$N$27,13,FALSE),IF(X51=0,Paths!$M$13+VLOOKUP(Input!D43,$A$22:$N$27,13,FALSE),0)) -> 0 | AB68: Legend | AC68: 10 | AD68: =IF(Input!B43="Special",0,IF(X51=1,Paths!$M$10+VLOOKUP(A51,$A$22:$N$27,13,FALSE),IF(X51=0,Paths!$M$11+VLOOKUP(A51,$A$22:$N$27,13,FALSE),0))) -> 0 | AE68: Parry Success Mitigation Rate Modifier
L69: =IF(Input!D61="",0,IF(VLOOKUP(Input!D61,$A$22:$I$27,7,FALSE)="Self",VLOOKUP(Input!D61,$A$22:$I$27,5,FALSE),0)) -> #N/A | M69: =IF(L69=0,"",VLOOKUP(Input!D61,$A$22:$I$27,6,FALSE)) -> #N/A | Y69: =ROUND(IF(Input!B43="",0,IF(OR(Input!B43="Attack",Input!B43="Counter"),VLOOKUP(A51,$A$13:$AM$18,30,FALSE)*VLOOKUP(A51,$A$13:$AM$18,6,FALSE),IF(Input!B43="Special",VLOOKUP(A51,$A$13:$AM$18,32,FALSE)*VLOOKUP(A51,$A$13:$AM$18,6,FALSE),IF(Input!B43="Group",VLOOKUP(A51,$A$13:$AM$18,34,FALSE)*VLOOKUP(A51,$A$13:$AM$18,6,FALSE),0)*VLOOKUP(A51,$A$13:$AM$18,4,FALSE)))*-1),0.25) -> 0 | Z69: =IF(Input!B43="",0,IF(Input!B43="Evade",(VLOOKUP(A51,$A$13:$AM$18,28,FALSE)*VLOOKUP(A51,$A$13:$AM$18,2,FALSE)),0)) -> 0 | AA69: =IF(X52=1,Paths!$M$12+VLOOKUP(Input!D44,$A$22:$N$27,13,FALSE),IF(X52=0,Paths!$M$13+VLOOKUP(Input!D44,$A$22:$N$27,13,FALSE),0)) -> 0 | AD69: =IF(Input!B44="Special",0,IF(X52=1,Paths!$M$10+VLOOKUP(A52,$A$22:$N$27,13,FALSE),IF(X52=0,Paths!$M$11+VLOOKUP(A52,$A$22:$N$27,13,FALSE),0))) -> 0 | AE69: Parry Fail Mitigation Rate Modifier
L70: =IF(Input!D62="",0,IF(VLOOKUP(Input!D62,$A$22:$I$27,7,FALSE)="Self",VLOOKUP(Input!D62,$A$22:$I$27,5,FALSE),0)) -> #N/A | M70: =IF(L70=0,"",VLOOKUP(Input!D62,$A$22:$I$27,6,FALSE)) -> #N/A | Y70: =ROUND(IF(Input!B44="",0,IF(OR(Input!B44="Attack",Input!B44="Counter"),VLOOKUP(A52,$A$13:$AM$18,30,FALSE)*VLOOKUP(A52,$A$13:$AM$18,6,FALSE),IF(Input!B44="Special",VLOOKUP(A52,$A$13:$AM$18,32,FALSE)*VLOOKUP(A52,$A$13:$AM$18,6,FALSE),IF(Input!B44="Group",VLOOKUP(A52,$A$13:$AM$18,34,FALSE)*VLOOKUP(A52,$A$13:$AM$18,6,FALSE),0)*VLOOKUP(A52,$A$13:$AM$18,4,FALSE)))*-1),0.25) -> 0 | Z70: =IF(Input!B44="",0,IF(Input!B44="Evade",(VLOOKUP(A52,$A$13:$AM$18,28,FALSE)*VLOOKUP(A52,$A$13:$AM$18,2,FALSE)),0)) -> 0 | AA70: =IF(X53=1,Paths!$M$12+VLOOKUP(Input!D45,$A$22:$N$27,13,FALSE),IF(X53=0,Paths!$M$13+VLOOKUP(Input!D45,$A$22:$N$27,13,FALSE),0)) -> 0 | AB70: Degree Name | AC70: Degree Number | AD70: =IF(Input!B45="Special",0,IF(X53=1,Paths!$M$10+VLOOKUP(A53,$A$22:$N$27,13,FALSE),IF(X53=0,Paths!$M$11+VLOOKUP(A53,$A$22:$N$27,13,FALSE),0))) -> 0 | AE70: Evade Regen Rate Modifier
L71: =IF(Input!D63="",0,IF(VLOOKUP(Input!D63,$A$22:$I$27,7,FALSE)="Self",VLOOKUP(Input!D63,$A$22:$I$27,5,FALSE),0)) -> #N/A | M71: =IF(L71=0,"",VLOOKUP(Input!D63,$A$22:$I$27,6,FALSE)) -> #N/A | Y71: =ROUND(IF(Input!B45="",0,IF(OR(Input!B45="Attack",Input!B45="Counter"),VLOOKUP(A53,$A$13:$AM$18,30,FALSE)*VLOOKUP(A53,$A$13:$AM$18,6,FALSE),IF(Input!B45="Special",VLOOKUP(A53,$A$13:$AM$18,32,FALSE)*VLOOKUP(A53,$A$13:$AM$18,6,FALSE),IF(Input!B45="Group",VLOOKUP(A53,$A$13:$AM$18,34,FALSE)*VLOOKUP(A53,$A$13:$AM$18,6,FALSE),0)*VLOOKUP(A53,$A$13:$AM$18,4,FALSE)))*-1),0.25) -> 0 | Z71: =IF(Input!B45="",0,IF(Input!B45="Evade",(VLOOKUP(A53,$A$13:$AM$18,28,FALSE)*VLOOKUP(A53,$A$13:$AM$18,2,FALSE)),0)) -> 0 | AA71: =IF(X54=1,Paths!$M$12+VLOOKUP(Input!D46,$A$22:$N$27,13,FALSE),IF(X54=0,Paths!$M$13+VLOOKUP(Input!D46,$A$22:$N$27,13,FALSE),0)) -> 0 | AB71: 1st | AC71: 0 | AD71: =IF(Input!B46="Special",0,IF(X54=1,Paths!$M$10+VLOOKUP(A54,$A$22:$N$27,13,FALSE),IF(X54=0,Paths!$M$11+VLOOKUP(A54,$A$22:$N$27,13,FALSE),0))) -> 0 | AE71: Blindside Rate Modifier
L72: =IF(Input!D64="",0,IF(VLOOKUP(Input!D64,$A$22:$I$27,7,FALSE)="Self",VLOOKUP(Input!D64,$A$22:$I$27,5,FALSE),0)) -> #N/A | M72: =IF(L72=0,"",VLOOKUP(Input!D64,$A$22:$I$27,6,FALSE)) -> #N/A | Y72: =ROUND(IF(Input!B46="",0,IF(OR(Input!B46="Attack",Input!B46="Counter"),VLOOKUP(A54,$A$13:$AM$18,30,FALSE)*VLOOKUP(A54,$A$13:$AM$18,6,FALSE),IF(Input!B46="Special",VLOOKUP(A54,$A$13:$AM$18,32,FALSE)*VLOOKUP(A54,$A$13:$AM$18,6,FALSE),IF(Input!B46="Group",VLOOKUP(A54,$A$13:$AM$18,34,FALSE)*VLOOKUP(A54,$A$13:$AM$18,6,FALSE),0)*VLOOKUP(A54,$A$13:$AM$18,4,FALSE)))*-1),0.25) -> 0 | Z72: =IF(Input!B46="",0,IF(Input!B46="Evade",(VLOOKUP(A54,$A$13:$AM$18,28,FALSE)*VLOOKUP(A54,$A$13:$AM$18,2,FALSE)),0)) -> 0 | AB72: 2nd | AC72: 1 | AE72: Crushing Blow Rate Modifier
L73: =IF(Input!D65="",0,IF(VLOOKUP(Input!D65,$A$22:$I$27,7,FALSE)="Self",VLOOKUP(Input!D65,$A$22:$I$27,5,FALSE),0)) -> 0 | M73: =IF(L73=0,"",VLOOKUP(Input!D65,$A$22:$I$27,6,FALSE)) | Y73: =ROUND(IF(Input!B47="",0,IF(OR(Input!B47="Attack",Input!B47="Counter"),VLOOKUP(A55,$A$13:$AM$18,30,FALSE)*VLOOKUP(A55,$A$13:$AM$18,6,FALSE),IF(Input!B47="Special",VLOOKUP(A55,$A$13:$AM$18,32,FALSE)*VLOOKUP(A55,$A$13:$AM$18,6,FALSE),IF(Input!B47="Group",VLOOKUP(A55,$A$13:$AM$18,34,FALSE)*VLOOKUP(A55,$A$13:$AM$18,6,FALSE),0)*VLOOKUP(A55,$A$13:$AM$18,4,FALSE)))*-1),0.25) -> 0 | Z73: =IF(Input!B47="",0,IF(Input!B47="Evade",(VLOOKUP(A55,$A$13:$AM$18,28,FALSE)*VLOOKUP(A55,$A$13:$AM$18,2,FALSE)),0)) -> 0 | AB73: 3rd | AC73: 2 | AE73: Attack Cost Modifier
Y74: =ROUND(IF(Input!B48="",0,IF(OR(Input!B48="Attack",Input!B48="Counter"),VLOOKUP(A56,$A$13:$AM$18,30,FALSE)*VLOOKUP(A56,$A$13:$AM$18,6,FALSE),IF(Input!B48="Special",VLOOKUP(A56,$A$13:$AM$18,32,FALSE)*VLOOKUP(A56,$A$13:$AM$18,6,FALSE),IF(Input!B48="Group",VLOOKUP(A56,$A$13:$AM$18,34,FALSE)*VLOOKUP(A56,$A$13:$AM$18,6,FALSE),0)*VLOOKUP(A56,$A$13:$AM$18,4,FALSE)))*-1),0.25) -> 0 | Z74: =IF(Input!B48="",0,IF(Input!B48="Evade",(VLOOKUP(A56,$A$13:$AM$18,28,FALSE)*VLOOKUP(A56,$A$13:$AM$18,2,FALSE)),0)) -> 0 | AB74: 4th | AC74: 3 | AE74: Special Cost Modifier
AB75: 5th | AC75: 4 | AE75: Group Cost Modifier
AB76: 6th | AC76: 5
AB77: 7th | AC77: 6
AB78: 8th | AC78: 7
AB79: 9th | AC79: 8
AB80: 10th | AC80: 9

Sheet Paths
A1: Path | B1: Ascension | C1: Path - Ascension | D1: Tier 1 Bonus | E1: Tier 2 Bonus | F1: Tier 3 Bonus | G1: Tier 4 Bonus | H1: Tier 5 Bonus | I1: Tier 6 Bonus | K1: Path | L1: Style Focus | M1: Energy Focus | N1: Focus Statement | P1: Ascension | Q1: Energy Segment Accumulation Requirement | R1: Energy Accumulation Bonus | S1: Starting Energy Segments | U1: Actor | V1: Gains | W1: Path | X1: Target | Y1: Gains | Z1: Path | AA1: Actor | AB1: Path | AC1: Gains | AD1: Actor | AE1: =A2 -> Fire | AG1: =A3 -> Water | AI1: =A4 -> Air | AK1: =A5 -> Earth | AM1: =A6 -> Shadow | AO1: =A7 -> Light
A2: Fire | B2: 0 | C2: =CONCATENATE(A2," - ",B2) -> Fire - 0 | D2: 0.04 | E2: 0.05 | F2: 0.06 | G2: 0.07 | H2: 0.08 | I2: 0.09 | K2: Fire | L2: Reaction | M2: Parry Success Rate | N2: Focuses inward, improving the chance to successfully parry an attack. | P2: 0 | Q2: 0 | R2: 0 | S2: 0 | U2: =Input!B67 -> 0 | V2: =Input!F67 -> 0 | W2: =Input!U67 -> 0 | X2: =Input!H67 -> 0 | Y2: =Input!I67 -> 0 | Z2: =Input!V67 -> 0 | AA2: ='Character Sheet - P1'!$C$5 -> Will | AB2: =A2 -> Fire | AC2: =SUMIFS($V$2:$V$401,$U$2:$U$401,AA2,$W$2:$W$401,AB2)+SUMIFS($Y$2:$Y$401,$X$2:$X$401,AA2,$Z$2:$Z$401,AB2) -> 0 | AE2: Segments | AF2: Ascension Gems | AG2: Segments | AH2: Ascension Gems | AI2: Segments | AJ2: Ascension Gems | AK2: Segments | AL2: Ascension Gems | AM2: Segments | AN2: Ascension Gems | AO2: Segments | AP2: Ascension Gems
A3: Water | B3: 0 | C3: =CONCATENATE(A3," - ",B3) -> Water - 0 | D3: -0.06 | E3: -0.07 | F3: -0.08 | G3: -0.09 | H3: -0.1 | I3: -0.11 | K3: Water | L3: Action | M3: Dodge Success Rate | N3: Focuses outward, reducing the chance to successfully dodge an attack. | P3: 1 | Q3: 35 | R3: 0.25 | S3: 0 | U3: =Input!B68 -> 0 | V3: =Input!F68 -> 0 | W3: =Input!U68 -> 0 | X3: =Input!H68 -> 0 | Y3: =Input!I68 -> 0 | Z3: =Input!V68 -> 0 | AA3: ='Character Sheet - P1'!$C$5 -> Will | AB3: =A3 -> Water | AC3: =SUMIFS($V$2:$V$401,$U$2:$U$401,AA3,$W$2:$W$401,AB3)+SUMIFS($Y$2:$Y$401,$X$2:$X$401,AA3,$Z$2:$Z$401,AB3) -> 0 | AD3: ='Character Sheet - P1'!C5 -> Will | AE3: 0 | AF3: 0 | AG3: 0 | AH3: 0 | AI3: 9.5 | AJ3: 0 | AK3: 1.25 | AL3: 0 | AM3: 0 | AN3: 0 | AO3: 0 | AP3: 0
A4: Air | B4: 0 | C4: =CONCATENATE(A4," - ",B4) -> Air - 0 | D4: 0.06 | E4: 0.07 | F4: 0.08 | G4: 0.09 | H4: 0.1 | I4: 0.11 | K4: Air | L4: Reaction | M4: Dodge Success Rate | N4: Focuses inward, improving the chance to successfully dodge an attack. | P4: 2 | Q4: =Q3+60 -> 95 | R4: 0.25 | S4: 1 | U4: =Input!B69 -> 0 | V4: =Input!F69 -> 0 | W4: =Input!U69 -> 0 | X4: =Input!H69 -> 0 | Y4: =Input!I69 -> 0 | Z4: =Input!V69 -> 0 | AA4: ='Character Sheet - P1'!$C$5 -> Will | AB4: =A4 -> Air | AC4: =SUMIFS($V$2:$V$401,$U$2:$U$401,AA4,$W$2:$W$401,AB4)+SUMIFS($Y$2:$Y$401,$X$2:$X$401,AA4,$Z$2:$Z$401,AB4) -> 0 | AD4: ='Character Sheet - P2'!C5 -> Carter | AE4: 0.5 | AF4: 0 | AG4: 0 | AH4: 0 | AI4: 1 | AJ4: 0 | AK4: 5.5 | AL4: 0 | AM4: 3.5 | AN4: 0 | AO4: 0 | AP4: 0
A5: Earth | B5: 0 | C5: =CONCATENATE(A5," - ",B5) -> Earth - 0 | D5: -0.08 | E5: -0.09 | F5: -0.1 | G5: -0.11 | H5: -0.12 | I5: -0.13 | K5: Earth | L5: Action | M5: Block Success Rate | N5: Focuses outward, reducing the chance to successfully block an attack. | P5: 3 | Q5: =Q4+85 -> 180 | R5: 0.5 | S5: 2 | U5: =Input!B70 -> 0 | V5: =Input!F70 -> 0 | W5: =Input!U70 -> 0 | X5: =Input!H70 -> 0 | Y5: =Input!I70 -> 0 | Z5: =Input!V70 -> 0 | AA5: ='Character Sheet - P1'!$C$5 -> Will | AB5: =A5 -> Earth | AC5: =SUMIFS($V$2:$V$401,$U$2:$U$401,AA5,$W$2:$W$401,AB5)+SUMIFS($Y$2:$Y$401,$X$2:$X$401,AA5,$Z$2:$Z$401,AB5) -> 0 | AD5: ='Character Sheet - P3'!C5 -> Joe | AE5: 6 | AF5: 0 | AG5: 0 | AH5: 0 | AI5: 0 | AJ5: 0 | AK5: 0.75 | AL5: 0 | AM5: 5.5 | AN5: 0 | AO5: 0 | AP5: 0
A6: Shadow | B6: 0 | C6: =CONCATENATE(A6," - ",B6) -> Shadow - 0 | D6: -0.04 | E6: -0.05 | F6: -0.06 | G6: -0.07 | H6: -0.08 | I6: -0.09 | K6: Shadow | L6: Action | M6: Parry Success Rate | N6: Focuses outward, reducing the chance to successfully parry an attack. | P6: 4 | Q6: -- | U6: =Input!B71 -> 0 | V6: =Input!F71 -> 0 | W6: =Input!U71 -> 0 | X6: =Input!H71 -> 0 | Y6: =Input!I71 -> 0 | Z6: =Input!V71 -> 0 | AA6: ='Character Sheet - P1'!$C$5 -> Will | AB6: =A6 -> Shadow | AC6: =SUMIFS($V$2:$V$401,$U$2:$U$401,AA6,$W$2:$W$401,AB6)+SUMIFS($Y$2:$Y$401,$X$2:$X$401,AA6,$Z$2:$Z$401,AB6) -> 0 | AD6: Copy From
A7: Light | B7: 0 | C7: =CONCATENATE(A7," - ",B7) -> Light - 0 | D7: 0.08 | E7: 0.09 | F7: 0.1 | G7: 0.11 | H7: 0.12 | I7: 0.13 | K7: Light | L7: Reaction | M7: Block Success Rate | N7: Focuses inward, improving the chance to successfully block an attack. | P7: Database Code | U7: =Input!B72 -> 0 | V7: =Input!F72 -> 0 | W7: =Input!U72 -> 0 | X7: =Input!H72 -> 0 | Y7: =Input!I72 -> 0 | Z7: =Input!V72 -> 0 | AA7: ='Character Sheet - P1'!$C$5 -> Will | AB7: =A7 -> Light | AC7: =SUMIFS($V$2:$V$401,$U$2:$U$401,AA7,$W$2:$W$401,AB7)+SUMIFS($Y$2:$Y$401,$X$2:$X$401,AA7,$Z$2:$Z$401,AB7) -> 0 | AE7: Segments | AF7: Ascension Gems | AG7: Segments | AH7: Ascension Gems | AI7: Segments | AJ7: Ascension Gems | AK7: Segments | AL7: Ascension Gems | AM7: Segments | AN7: Ascension Gems | AO7: Segments | AP7: Ascension Gems
